VEHICLE_NAME;DEV_1;DEV_2;DEV_3;SETUP_USAGE_PERCENT
china:Ch01_Type59;ventilation;aimingStabilizer;rammer;31.89
china:Ch01_Type59;rammer;aimingStabilizer;coatedOptics;17.8
china:Ch01_Type59;turbocharger;aimingStabilizer;rammer;9.85
china:Ch01_Type59_Gold;ventilation;aimingStabilizer;rammer;41.22
china:Ch01_Type59_Gold;aimingStabilizer;rammer;coatedOptics;12.5
china:Ch01_Type59_Gold;coatedOptics;commandersView;rammer;9.97
china:Ch02_Type62;coatedOptics;additInvisibilityDevice;ventilation;26.97
china:Ch02_Type62;additInvisibilityDevice;turbocharger;coatedOptics;16.66
china:Ch02_Type62;ventilation;aimingStabilizer;rammer;9.55
china:Ch03_WZ-111;ventilation;aimingStabilizer;rammer;28.46
china:Ch03_WZ-111;ventilation;enhancedAimDrives;rammer;15.58
china:Ch03_WZ-111;healthReserve;aimingStabilizer;rammer;12.12
china:Ch03_WZ_111_A;healthReserve;aimingStabilizer;rammer;26.05
china:Ch03_WZ_111_A;aimingStabilizer;turbocharger;rammer;19.6
china:Ch03_WZ_111_A;ventilation;aimingStabilizer;rammer;16.87
china:Ch04_T34_1;ventilation;rammer;coatedOptics;26.77
china:Ch04_T34_1;ventilation;modernizedTurbochargerRotationMechanism;coatedOptics;14.74
china:Ch04_T34_1;rotationMechanism;rammer;coatedOptics;14.62
china:Ch05_T34_2;ventilation;aimingStabilizer;rammer;32.25
china:Ch05_T34_2;turbocharger;aimingStabilizer;rammer;22.81
china:Ch05_T34_2;coatedOptics;aimingStabilizer;rammer;9.43
china:Ch09_M5;stereoscope;enhancedAimDrives;ventilation;48.08
china:Ch09_M5;additInvisibilityDevice;coatedOptics;ventilation;36.97
china:Ch09_M5;coatedOptics;turbocharger;ventilation;3.9
china:Ch10_IS2;ventilation;enhancedAimDrives;rammer;33.22
china:Ch10_IS2;ventilation;improvedSights;rammer;15.04
china:Ch10_IS2;ventilation;rammer;coatedOptics;8.75
china:Ch11_110;healthReserve;aimingStabilizer;rammer;39.32
china:Ch11_110;modernizedTurbochargerRotationMechanism;aimingStabilizer;rammer;17.97
china:Ch11_110;ventilation;aimingStabilizer;rammer;11.21
china:Ch12_111_1_2_3;healthReserve;aimingStabilizer;rammer;37.82
china:Ch12_111_1_2_3;modernizedTurbochargerRotationMechanism;aimingStabilizer;rammer;23.07
china:Ch12_111_1_2_3;turbocharger;aimingStabilizer;rammer;14.76
china:Ch14_T34_3;ventilation;aimingStabilizer;rammer;27.11
china:Ch14_T34_3;turbocharger;aimingStabilizer;rammer;8.79
china:Ch14_T34_3;rammer;aimingStabilizer;coatedOptics;5.91
china:Ch15_59_16;coatedOptics;additInvisibilityDevice;ventilation;40.46
china:Ch15_59_16;stereoscope;ventilation;camouflageNet;15.77
china:Ch15_59_16;ventilation;rammer;coatedOptics;7.25
china:Ch16_WZ_131;ventilation;additInvisibilityDevice;coatedOptics;60.78
china:Ch16_WZ_131;additInvisibilityDevice;rammer;coatedOptics;12.44
china:Ch16_WZ_131;coatedOptics;rammer;ventilation;7.07
china:Ch17_WZ131_1_WZ132;commandersView;additInvisibilityDevice;coatedOptics;67.56
china:Ch17_WZ131_1_WZ132;coatedOptics;aimingStabilizer;rammer;10.46
china:Ch17_WZ131_1_WZ132;commandersView;ventilation;coatedOptics;6.28
china:Ch18_WZ-120;ventilation;aimingStabilizer;rammer;44.34
china:Ch18_WZ-120;turbocharger;aimingStabilizer;rammer;17.76
china:Ch18_WZ-120;modernizedTurbochargerRotationMechanism;aimingStabilizer;rammer;5.28
china:Ch19_121;ventilation;aimingStabilizer;rammer;32.71
china:Ch19_121;turbocharger;aimingStabilizer;rammer;13.23
china:Ch19_121;rammer;modernizedExtraHealthReserveAntifragmentationLining;modernizedTurbochargerRotationMechanism;10.58
china:Ch20_Type58;ventilation;rammer;coatedOptics;23.8
china:Ch20_Type58;turbocharger;rammer;coatedOptics;13.25
china:Ch20_Type58;turbocharger;additInvisibilityDevice;coatedOptics;10.29
china:Ch21_T34;ventilation;rammer;coatedOptics;26.9
china:Ch21_T34;modernizedTurbochargerRotationMechanism;rotationMechanism;rammer;14.86
china:Ch21_T34;stereoscope;improvedSights;ventilation;11.53
china:Ch22_113;healthReserve;aimingStabilizer;rammer;27.41
china:Ch22_113;healthReserve;turbocharger;rammer;15.9
china:Ch22_113;turbocharger;aimingStabilizer;rammer;12.11
china:Ch22_113_Beijing_Opera;healthReserve;aimingStabilizer;rammer;43.41
china:Ch22_113_Beijing_Opera;healthReserve;turbocharger;rammer;12.87
china:Ch22_113_Beijing_Opera;ventilation;aimingStabilizer;rammer;10.58
china:Ch23_112;healthReserve;aimingStabilizer;rammer;23.3
china:Ch23_112;turbocharger;rammer;aimingStabilizer;15.77
china:Ch23_112;ventilation;aimingStabilizer;rammer;14.87
china:Ch24_Type64;additInvisibilityDevice;coatedOptics;rammer;32.13
china:Ch24_Type64;additInvisibilityDevice;turbocharger;coatedOptics;20.4
china:Ch24_Type64;coatedOptics;aimingStabilizer;rammer;9.94
china:Ch25_121_mod_1971B;ventilation;aimingStabilizer;rammer;32.73
china:Ch25_121_mod_1971B;turbocharger;aimingStabilizer;rammer;11.04
china:Ch25_121_mod_1971B;coatedOptics;additInvisibilityDevice;commandersView;6.52
china:Ch25_121_mod_1971B_MK;ventilation;aimingStabilizer;rammer;39.4
china:Ch25_121_mod_1971B_MK;turbocharger;aimingStabilizer;rammer;18.2
china:Ch25_121_mod_1971B_MK;improvedConfiguration;aimingStabilizer;rammer;6.99
china:Ch26_59_Patton;ventilation;aimingStabilizer;rammer;32.94
china:Ch26_59_Patton;commandersView;additInvisibilityDevice;coatedOptics;17.46
china:Ch26_59_Patton;turbocharger;aimingStabilizer;rammer;14.29
china:Ch28_WZ_132A;commandersView;additInvisibilityDevice;coatedOptics;63.55
china:Ch28_WZ_132A;coatedOptics;commandersView;aimingStabilizer;11.28
china:Ch28_WZ_132A;additInvisibilityDevice;ventilation;coatedOptics;6.78
china:Ch29_Type_62C_prot;commandersView;additInvisibilityDevice;coatedOptics;77.37
china:Ch29_Type_62C_prot;commandersView;additInvisibilityDevice;ventilation;4.43
china:Ch29_Type_62C_prot;commandersView;additInvisibilityDevice;stereoscope;3.46
china:Ch33_60G_FT;stereoscope;additInvisibilityDevice;ventilation;21.45
china:Ch33_60G_FT;ventilation;stereoscope;rammer;16.72
china:Ch33_60G_FT;rammer;improvedSights;turbocharger;12.3
china:Ch34_WZ131G_FT;rammer;stereoscope;ventilation;27.7
china:Ch34_WZ131G_FT;rammer;ventilation;coatedOptics;25.14
china:Ch34_WZ131G_FT;rammer;improvedSights;ventilation;10.01
china:Ch35_T-34-2G_FT;improvedSights;turbocharger;rammer;11.41
china:Ch35_T-34-2G_FT;stereoscope;rotationMechanism;rammer;7.46
china:Ch35_T-34-2G_FT;rammer;improvedSights;coatedOptics;7.25
china:Ch36_WZ111_1G_FT;rammer;turbocharger;improvedSights;9.35
china:Ch36_WZ111_1G_FT;rammer;turbocharger;healthReserve;7.89
china:Ch36_WZ111_1G_FT;rammer;improvedSights;ventilation;7.5
china:Ch37_WZ111G_FT;rammer;turbocharger;rotationMechanism;20.22
china:Ch37_WZ111G_FT;rotationMechanism;modernizedTurbochargerRotationMechanism;rammer;13.67
china:Ch37_WZ111G_FT;improvedSights;turbocharger;rammer;11.98
china:Ch38_WZ113G_FT;rammer;healthReserve;turbocharger;15.75
china:Ch38_WZ113G_FT;rammer;modernizedTurbochargerRotationMechanism;ventilation;11.9
china:Ch38_WZ113G_FT;turbocharger;improvedSights;rammer;11.84
china:Ch39_WZ120_1G_FT;ventilation;enhancedAimDrives;rammer;16.32
china:Ch39_WZ120_1G_FT;rammer;improvedSights;ventilation;12.59
china:Ch39_WZ120_1G_FT;rammer;ventilation;coatedOptics;8.26
china:Ch40_WZ120G_FT;improvedSights;rammer;ventilation;13.08
china:Ch40_WZ120G_FT;improvedSights;rotationMechanism;rammer;12.85
china:Ch40_WZ120G_FT;rammer;improvedSights;enhancedAimDrives;9.58
china:Ch41_WZ_111_5A;healthReserve;aimingStabilizer;rammer;31.01
china:Ch41_WZ_111_5A;ventilation;aimingStabilizer;rammer;16.21
china:Ch41_WZ_111_5A;turbocharger;aimingStabilizer;rammer;13.32
china:Ch41_WZ_111_QL;aimingStabilizer;turbocharger;rammer;28.5
china:Ch41_WZ_111_QL;healthReserve;aimingStabilizer;rammer;25.58
china:Ch41_WZ_111_QL;ventilation;aimingStabilizer;rammer;16.05
china:Ch42_WalkerBulldog_M41D;commandersView;additInvisibilityDevice;coatedOptics;56.42
china:Ch42_WalkerBulldog_M41D;commandersView;coatedOptics;ventilation;20.36
china:Ch42_WalkerBulldog_M41D;ventilation;modernizedAimDrivesAimingStabilizer;rammer;5.06
china:Ch43_WZ_122_2;additInvisibilityDevice;commandersView;coatedOptics;19.99
china:Ch43_WZ_122_2;turbocharger;aimingStabilizer;rammer;18.06
china:Ch43_WZ_122_2;ventilation;aimingStabilizer;rammer;13.11
china:Ch44_114_SP2;rammer;turbocharger;ventilation;15.89
china:Ch44_114_SP2;rammer;modernizedTurbochargerRotationMechanism;ventilation;12.12
china:Ch44_114_SP2;rotationMechanism;rammer;ventilation;9.16
china:Ch45_WZ_114;modernizedTurbochargerRotationMechanism;aimingStabilizer;rammer;19.36
china:Ch45_WZ_114;healthReserve;aimingStabilizer;rammer;16.14
china:Ch45_WZ_114;aimingStabilizer;turbocharger;rammer;11.74
china:Ch47_BZ_176;turbocharger;aimingStabilizer;rammer;24.77
china:Ch47_BZ_176;modernizedTurbochargerRotationMechanism;aimingStabilizer;rammer;15.7
china:Ch47_BZ_176;turbocharger;improvedSights;aimingStabilizer;13.35
china:Ch48_BZ_75;turbocharger;aimingStabilizer;rammer;20.62
china:Ch48_BZ_75;healthReserve;turbocharger;rammer;14.34
china:Ch48_BZ_75;healthReserve;aimingStabilizer;rammer;13.22
china:Ch49_BZ_68;turbocharger;aimingStabilizer;rammer;29.85
china:Ch49_BZ_68;ventilation;aimingStabilizer;rammer;14.96
china:Ch49_BZ_68;healthReserve;aimingStabilizer;rammer;11.53
china:Ch50_BZ_166;turbocharger;aimingStabilizer;rammer;27.21
china:Ch50_BZ_166;ventilation;aimingStabilizer;rammer;16.9
china:Ch50_BZ_166;healthReserve;aimingStabilizer;rammer;15.92
china:Ch51_BZ_58;healthReserve;turbocharger;rammer;15.28
china:Ch51_BZ_58;ventilation;turbocharger;rammer;12.33
china:Ch51_BZ_58;ventilation;improvedSights;rammer;11.96
china:Ch52_WZ_122_6_F3;healthReserve;modernizedImprovedSightsEnhancedAimDrives;aimingStabilizer;11.4
china:Ch52_WZ_122_6_F3;healthReserve;turbocharger;aimingStabilizer;11.34
china:Ch52_WZ_122_6_F3;healthReserve;modernizedTurbochargerRotationMechanism;aimingStabilizer;10.44
china:Ch54_BZ_72_1;modernizedTurbochargerRotationMechanism;aimingStabilizer;rammer;38.55
china:Ch54_BZ_72_1;aimingStabilizer;turbocharger;rammer;13.48
china:Ch54_BZ_72_1;healthReserve;turbocharger;rammer;10.27
china:Ch59_BZ58_2;healthReserve;aimingStabilizer;rammer;26.43
china:Ch59_BZ58_2;turbocharger;aimingStabilizer;rammer;24.54
china:Ch59_BZ58_2;ventilation;aimingStabilizer;rammer;8.89
china:Ch61_DZT_159;turbocharger;aimingStabilizer;rammer;27.11
china:Ch61_DZT_159;modernizedTurbochargerRotationMechanism;aimingStabilizer;rammer;23.16
china:Ch61_DZT_159;ventilation;aimingStabilizer;rammer;12.19
china:Ch65_Type59_IC4_3DSt;ventilation;aimingStabilizer;rammer;37.68
china:Ch65_Type59_IC4_3DSt;aimingStabilizer;rammer;coatedOptics;13.06
china:Ch65_Type59_IC4_3DSt;modernizedTurbochargerRotationMechanism;aimingStabilizer;rammer;10.48
czech:Cz01_Skoda_T40;ventilation;rammer;coatedOptics;21.96
czech:Cz01_Skoda_T40;rotationMechanism;rammer;coatedOptics;13.47
czech:Cz01_Skoda_T40;ventilation;modernizedTurbochargerRotationMechanism;rammer;12.18
czech:Cz02_TVP_T50;ventilation;aimingStabilizer;coatedOptics;13.92
czech:Cz02_TVP_T50;turbocharger;aimingStabilizer;ventilation;12.21
czech:Cz02_TVP_T50;modernizedTurbochargerRotationMechanism;modernizedImprovedSightsEnhancedAimDrives;aimingStabilizer;11.34
czech:Cz04_T50_51;turbocharger;aimingStabilizer;ventilation;10.2
czech:Cz04_T50_51;ventilation;aimingStabilizer;coatedOptics;10.04
czech:Cz04_T50_51;ventilation;improvedSights;aimingStabilizer;9.83
czech:Cz05_T34_100;turbocharger;rammer;coatedOptics;18.68
czech:Cz05_T34_100;ventilation;rammer;coatedOptics;16.08
czech:Cz05_T34_100;ventilation;rotationMechanism;rammer;13.79
czech:Cz07_TVP_46;ventilation;rammer;coatedOptics;18.28
czech:Cz07_TVP_46;ventilation;aimingStabilizer;rammer;16.31
czech:Cz07_TVP_46;turbocharger;rammer;coatedOptics;7.71
czech:Cz08_T_25;ventilation;rotationMechanism;coatedOptics;19.96
czech:Cz08_T_25;ventilation;improvedSights;coatedOptics;15.26
czech:Cz08_T_25;turbocharger;ventilation;coatedOptics;7.51
czech:Cz09_T_24;rammer;coatedOptics;ventilation;36.43
czech:Cz09_T_24;rammer;additInvisibilityDevice;stereoscope;16.46
czech:Cz09_T_24;ventilation;rotationMechanism;coatedOptics;5.78
czech:Cz13_T_27;ventilation;aimingStabilizer;coatedOptics;21.79
czech:Cz13_T_27;turbocharger;aimingStabilizer;coatedOptics;14.87
czech:Cz13_T_27;ventilation;modernizedTurbochargerRotationMechanism;modernizedAimDrivesAimingStabilizer;7.43
czech:Cz14_Skoda_T-56;ventilation;turbocharger;aimingStabilizer;17.72
czech:Cz14_Skoda_T-56;ventilation;improvedSights;aimingStabilizer;10.05
czech:Cz14_Skoda_T-56;ventilation;modernizedTurbochargerRotationMechanism;aimingStabilizer;10.03
czech:Cz14_Skoda_T-56_WT24_3Dst;ventilation;turbocharger;aimingStabilizer;15.44
czech:Cz14_Skoda_T-56_WT24_3Dst;healthReserve;turbocharger;aimingStabilizer;12.02
czech:Cz14_Skoda_T-56_WT24_3Dst;improvedSights;turbocharger;aimingStabilizer;10.13
czech:Cz16_TNH_T_vz51;ventilation;improvedSights;aimingStabilizer;20.4
czech:Cz16_TNH_T_vz51;ventilation;turbocharger;aimingStabilizer;19.25
czech:Cz16_TNH_T_vz51;healthReserve;turbocharger;aimingStabilizer;8.9
czech:Cz17_Vz_55;ventilation;turbocharger;aimingStabilizer;18
czech:Cz17_Vz_55;healthReserve;turbocharger;aimingStabilizer;16.55
czech:Cz17_Vz_55;healthReserve;aimingStabilizer;ventilation;10.7
czech:Cz18_TNH_105_1000;ventilation;improvedSights;aimingStabilizer;26.51
czech:Cz18_TNH_105_1000;ventilation;aimingStabilizer;coatedOptics;12.15
czech:Cz18_TNH_105_1000;ventilation;modernizedTurbochargerRotationMechanism;aimingStabilizer;9.34
czech:Cz19_Vz_44_1;ventilation;rotationMechanism;rammer;24.32
czech:Cz19_Vz_44_1;rammer;turbocharger;rotationMechanism;14.5
czech:Cz19_Vz_44_1;healthReserve;turbocharger;rammer;13.64
czech:Cz20_ShPTK_TVP_100_mm;rammer;turbocharger;coatedOptics;19.65
czech:Cz20_ShPTK_TVP_100_mm;rammer;additInvisibilityDevice;coatedOptics;16.56
czech:Cz20_ShPTK_TVP_100_mm;rammer;improvedSights;coatedOptics;16.47
czech:Cz23_Skoda_T_17;coatedOptics;additInvisibilityDevice;ventilation;31.11
czech:Cz23_Skoda_T_17;coatedOptics;turbocharger;additInvisibilityDevice;14.37
czech:Cz23_Skoda_T_17;coatedOptics;additInvisibilityDevice;aimingStabilizer;13.86
czech:Cz24_Vz_64_Blesk;commandersView;additInvisibilityDevice;coatedOptics;50.8
czech:Cz24_Vz_64_Blesk;commandersView;ventilation;coatedOptics;7.22
czech:Cz24_Vz_64_Blesk;commandersView;turbocharger;coatedOptics;5.77
czech:Cz28_LPT_67_Selma;commandersView;additInvisibilityDevice;coatedOptics;57.56
czech:Cz28_LPT_67_Selma;commandersView;aimingStabilizer;coatedOptics;7.97
czech:Cz28_LPT_67_Selma;commandersView;ventilation;coatedOptics;6.67
czech:Cz33_Vz_68_Squall;commandersView;additInvisibilityDevice;coatedOptics;46.1
czech:Cz33_Vz_68_Squall;commandersView;turbocharger;coatedOptics;8.01
czech:Cz33_Vz_68_Squall;commandersView;additInvisibilityDevice;ventilation;5.03
czech:Cz34_Vz_71_Tesak;commandersView;additInvisibilityDevice;coatedOptics;63.28
czech:Cz34_Vz_71_Tesak;commandersView;additInvisibilityDevice;ventilation;9.81
czech:Cz34_Vz_71_Tesak;commandersView;coatedOptics;ventilation;3.61
czech:Cz35_T56_G;aimingStabilizer;turbocharger;rammer;19.84
czech:Cz35_T56_G;healthReserve;aimingStabilizer;rammer;13.59
czech:Cz35_T56_G;healthReserve;turbocharger;rammer;11.91
france:F05_BDR_G1B;rammer;enhancedAimDrives;coatedOptics;45.63
france:F05_BDR_G1B;turbocharger;coatedOptics;rammer;14.41
france:F05_BDR_G1B;rammer;modernizedTurbochargerRotationMechanism;enhancedAimDrives;10.69
france:F06_ARL_44;rammer;enhancedAimDrives;ventilation;11.16
france:F06_ARL_44;ventilation;rotationMechanism;rammer;8.44
france:F06_ARL_44;ventilation;improvedSights;rammer;7.97
france:F07_AMX_M4_1945;healthReserve;turbocharger;rammer;14.63
france:F07_AMX_M4_1945;healthReserve;rotationMechanism;rammer;13.95
france:F07_AMX_M4_1945;ventilation;turbocharger;rammer;12.42
france:F08_AMX_50_100;healthReserve;aimingStabilizer;ventilation;13.53
france:F08_AMX_50_100;ventilation;turbocharger;aimingStabilizer;10.24
france:F08_AMX_50_100;improvedSights;modernizedTurbochargerRotationMechanism;aimingStabilizer;9.73
france:F09_AMX_50_120;healthReserve;turbocharger;aimingStabilizer;17.58
france:F09_AMX_50_120;healthReserve;aimingStabilizer;ventilation;13.04
france:F09_AMX_50_120;ventilation;improvedSights;aimingStabilizer;9.3
france:F100_Panhard_EBR_90;commandersView;additInvisibilityDevice;coatedOptics;68.68
france:F100_Panhard_EBR_90;coatedOptics;commandersView;rammer;11.96
france:F100_Panhard_EBR_90;commandersView;ventilation;coatedOptics;10.11
france:F106_Panhard_EBR_75_Mle1954;commandersView;coatedOptics;ventilation;45.75
france:F106_Panhard_EBR_75_Mle1954;commandersView;additInvisibilityDevice;coatedOptics;37.49
france:F106_Panhard_EBR_75_Mle1954;coatedOptics;aimingStabilizer;ventilation;5.27
france:F107_Hotchkiss_EBR;coatedOptics;additInvisibilityDevice;ventilation;59.44
france:F107_Hotchkiss_EBR;coatedOptics;rammer;ventilation;12.78
france:F107_Hotchkiss_EBR;coatedOptics;aimingStabilizer;rammer;7.43
france:F108_Panhard_EBR_105;commandersView;additInvisibilityDevice;coatedOptics;72.09
france:F108_Panhard_EBR_105;commandersView;coatedOptics;ventilation;16.33
france:F108_Panhard_EBR_105;ventilation;additInvisibilityDevice;coatedOptics;4.38
france:F109_AMD_Panhard_178B;coatedOptics;additInvisibilityDevice;ventilation;73.38
france:F109_AMD_Panhard_178B;coatedOptics;rammer;ventilation;11.81
france:F109_AMD_Panhard_178B;coatedOptics;additInvisibilityDevice;rammer;4.4
france:F10_AMX_50B;healthReserve;turbocharger;aimingStabilizer;23.2
france:F10_AMX_50B;healthReserve;aimingStabilizer;ventilation;14.96
france:F10_AMX_50B;ventilation;turbocharger;aimingStabilizer;9.89
france:F110_Lynx_6x6;commandersView;additInvisibilityDevice;coatedOptics;62.14
france:F110_Lynx_6x6;commandersView;ventilation;coatedOptics;20.57
france:F110_Lynx_6x6;coatedOptics;commandersView;rammer;3.77
france:F112_M10_RBFM;coatedOptics;additInvisibilityDevice;rammer;11.78
france:F112_M10_RBFM;rotationMechanism;rammer;coatedOptics;9.45
france:F112_M10_RBFM;rammer;turbocharger;coatedOptics;9.11
france:F113_Bretagne_Panther;additInvisibilityDevice;coatedOptics;rammer;16.82
france:F113_Bretagne_Panther;turbocharger;rammer;coatedOptics;12.96
france:F113_Bretagne_Panther;ventilation;rammer;coatedOptics;12.23
france:F114_Projet_4_1;ventilation;aimingStabilizer;coatedOptics;17.61
france:F114_Projet_4_1;ventilation;improvedSights;aimingStabilizer;13.57
france:F114_Projet_4_1;ventilation;commandersView;coatedOptics;7.49
france:F115_Lorraine_50t;healthReserve;aimingStabilizer;rammer;30.5
france:F115_Lorraine_50t;ventilation;aimingStabilizer;rammer;14.73
france:F115_Lorraine_50t;ventilation;modernizedTurbochargerRotationMechanism;improvedSights;7.63
france:F116_Bat_Chatillon_Bourrasque;additInvisibilityDevice;commandersView;coatedOptics;13.49
france:F116_Bat_Chatillon_Bourrasque;coatedOptics;commandersView;aimingStabilizer;11.86
france:F116_Bat_Chatillon_Bourrasque;ventilation;improvedSights;aimingStabilizer;11.46
france:F116_Bat_Chatillon_Bourrasque_DV;ventilation;improvedSights;aimingStabilizer;21.07
france:F116_Bat_Chatillon_Bourrasque_DV;coatedOptics;additInvisibilityDevice;commandersView;16.76
france:F116_Bat_Chatillon_Bourrasque_DV;modernizedTurbochargerRotationMechanism;additInvisibilityDevice;aimingStabilizer;14.13
france:F117_Alt_Proto_AMX_30;ventilation;aimingStabilizer;rammer;46.42
france:F117_Alt_Proto_AMX_30;aimingStabilizer;coatedOptics;rammer;12.08
france:F117_Alt_Proto_AMX_30;turbocharger;aimingStabilizer;rammer;4.94
france:F118_Char_Mle_75;commandersView;additInvisibilityDevice;coatedOptics;53.06
france:F118_Char_Mle_75;aimingStabilizer;additInvisibilityDevice;coatedOptics;11.39
france:F118_Char_Mle_75;commandersView;aimingStabilizer;coatedOptics;6.61
france:F124_AMX_13FL11;coatedOptics;additInvisibilityDevice;ventilation;24.47
france:F124_AMX_13FL11;turbocharger;additInvisibilityDevice;coatedOptics;21.31
france:F124_AMX_13FL11;turbocharger;coatedOptics;stereoscope;10.76
france:F129_ARL_44_BPXIV;ventilation;enhancedAimDrives;rammer;11.45
france:F129_ARL_44_BPXIV;ventilation;turbocharger;rammer;10.74
france:F129_ARL_44_BPXIV;rotationMechanism;turbocharger;rammer;7.36
france:F15_AMX_12t;coatedOptics;additInvisibilityDevice;ventilation;54.17
france:F15_AMX_12t;coatedOptics;additInvisibilityDevice;aimingStabilizer;6
france:F15_AMX_12t;coatedOptics;turbocharger;additInvisibilityDevice;5.95
france:F16_AMX_13_75;coatedOptics;additInvisibilityDevice;ventilation;45.7
france:F16_AMX_13_75;coatedOptics;additInvisibilityDevice;aimingStabilizer;11.67
france:F16_AMX_13_75;ventilation;turbocharger;coatedOptics;11.23
france:F17_AMX_13_90;commandersView;additInvisibilityDevice;coatedOptics;85.74
france:F17_AMX_13_90;commandersView;additInvisibilityDevice;stereoscope;3.32
france:F17_AMX_13_90;additInvisibilityDevice;turbocharger;coatedOptics;3.01
france:F18_Bat_Chatillon25t;coatedOptics;additInvisibilityDevice;commandersView;13.16
france:F18_Bat_Chatillon25t;ventilation;improvedSights;aimingStabilizer;9.39
france:F18_Bat_Chatillon25t;ventilation;commandersView;aimingStabilizer;8.6
france:F19_Lorraine40t;ventilation;aimingStabilizer;coatedOptics;13.71
france:F19_Lorraine40t;ventilation;improvedSights;aimingStabilizer;10.9
france:F19_Lorraine40t;rotationMechanism;aimingStabilizer;ventilation;9.18
france:F23_AMX_13F3AM;rammer;rotationMechanism;enhancedAimDrives;84.26
france:F23_AMX_13F3AM;rammer;turbocharger;enhancedAimDrives;7.28
france:F23_AMX_13F3AM;rammer;modernizedTurbochargerRotationMechanism;enhancedAimDrives;2.75
france:F24_Lorraine155_50;rammer;rotationMechanism;enhancedAimDrives;77.24
france:F24_Lorraine155_50;rammer;enhancedAimDrives;camouflageNet;13.46
france:F24_Lorraine155_50;enhancedAimDrives;modernizedTurbochargerRotationMechanism;rammer;5.66
france:F25_Lorraine155_51;rammer;rotationMechanism;enhancedAimDrives;91.26
france:F25_Lorraine155_51;enhancedAimDrives;turbocharger;rammer;2.84
france:F25_Lorraine155_51;rammer;enhancedAimDrives;camouflageNet;2.16
france:F28_105_leFH18B2;rammer;rotationMechanism;enhancedAimDrives;60.17
france:F28_105_leFH18B2;rammer;turbocharger;enhancedAimDrives;12.59
france:F28_105_leFH18B2;rammer;enhancedAimDrives;stereoscope;5.32
france:F33_S_35CA;improvedSights;rammer;stereoscope;31.97
france:F33_S_35CA;turbocharger;rammer;stereoscope;30.48
france:F33_S_35CA;turbocharger;additInvisibilityDevice;coatedOptics;14.42
france:F34_ARL_V39;coatedOptics;rotationMechanism;ventilation;34.19
france:F34_ARL_V39;rammer;turbocharger;stereoscope;8.1
france:F34_ARL_V39;turbocharger;coatedOptics;rammer;7.81
france:F35_AMX_AC_Mle1946;ventilation;rotationMechanism;rammer;32.77
france:F35_AMX_AC_Mle1946;improvedSights;rammer;ventilation;15.32
france:F35_AMX_AC_Mle1946;rotationMechanism;rammer;coatedOptics;12.77
france:F36_AMX_AC_Mle1948;enhancedAimDrives;modernizedTurbochargerRotationMechanism;ventilation;11.33
france:F36_AMX_AC_Mle1948;ventilation;turbocharger;healthReserve;8.21
france:F36_AMX_AC_Mle1948;turbocharger;improvedSights;ventilation;7.34
france:F37_AMX50_Foch;ventilation;healthReserve;turbocharger;11.99
france:F37_AMX50_Foch;improvedSights;turbocharger;ventilation;8.79
france:F37_AMX50_Foch;rotationMechanism;turbocharger;healthReserve;7.29
france:F38_Bat_Chatillon155_58;rotationMechanism;modernizedTurbochargerRotationMechanism;enhancedAimDrives;48.79
france:F38_Bat_Chatillon155_58;rotationMechanism;turbocharger;enhancedAimDrives;24.76
france:F38_Bat_Chatillon155_58;rotationMechanism;additInvisibilityDevice;enhancedAimDrives;11.51
france:F62_ELC_AMX;coatedOptics;additInvisibilityDevice;ventilation;29.06
france:F62_ELC_AMX;coatedOptics;aimingStabilizer;ventilation;19.53
france:F62_ELC_AMX;camouflageNet;rammer;stereoscope;6.79
france:F64_AMX_50Fosh_155;rotationMechanism;modernizedTurbochargerRotationMechanism;healthReserve;7.98
france:F64_AMX_50Fosh_155;improvedSights;ventilation;enhancedAimDrives;7.88
france:F64_AMX_50Fosh_155;improvedSights;rotationMechanism;ventilation;6.72
france:F64_AMX_50Fosh_B;rotationMechanism;modernizedTurbochargerRotationMechanism;healthReserve;12.97
france:F64_AMX_50Fosh_B;healthReserve;turbocharger;ventilation;10.92
france:F64_AMX_50Fosh_B;ventilation;modernizedTurbochargerRotationMechanism;healthReserve;10.38
france:F67_Bat_Chatillon155_55;rammer;rotationMechanism;enhancedAimDrives;82.98
france:F67_Bat_Chatillon155_55;rotationMechanism;modernizedTurbochargerRotationMechanism;rammer;8.64
france:F67_Bat_Chatillon155_55;camouflageNet;enhancedAimDrives;rammer;2.96
france:F68_AMX_Chasseur_de_char_46;ventilation;turbocharger;rammer;18.28
france:F68_AMX_Chasseur_de_char_46;turbocharger;aimingStabilizer;rammer;16.96
france:F68_AMX_Chasseur_de_char_46;rammer;aimingStabilizer;ventilation;15.64
france:F69_AMX13_57_100;coatedOptics;additInvisibilityDevice;ventilation;27.35
france:F69_AMX13_57_100;additInvisibilityDevice;aimingStabilizer;coatedOptics;19.97
france:F69_AMX13_57_100;ventilation;enhancedAimDrives;coatedOptics;15.73
france:F69_AMX13_57_100_GrandFinal;ventilation;additInvisibilityDevice;coatedOptics;44.9
france:F69_AMX13_57_100_GrandFinal;additInvisibilityDevice;aimingStabilizer;coatedOptics;17.66
france:F69_AMX13_57_100_GrandFinal;coatedOptics;turbocharger;additInvisibilityDevice;7.98
france:F71_AMX_30_prototype;ventilation;aimingStabilizer;rammer;39.1
france:F71_AMX_30_prototype;ventilation;rammer;coatedOptics;16.78
france:F71_AMX_30_prototype;rammer;aimingStabilizer;coatedOptics;7.76
france:F72_AMX_30;ventilation;aimingStabilizer;rammer;22.1
france:F72_AMX_30;ventilation;additInvisibilityDevice;rammer;8.59
france:F72_AMX_30;coatedOptics;additInvisibilityDevice;commandersView;8.29
france:F73_M4A1_Revalorise;ventilation;aimingStabilizer;rammer;21.56
france:F73_M4A1_Revalorise;turbocharger;aimingStabilizer;rammer;15.86
france:F73_M4A1_Revalorise;turbocharger;rammer;ventilation;5.17
france:F74_AMX_M4_1949;healthReserve;aimingStabilizer;rammer;45.71
france:F74_AMX_M4_1949;aimingStabilizer;rotationMechanism;rammer;10.57
france:F74_AMX_M4_1949;aimingStabilizer;turbocharger;rammer;10
france:F74_AMX_M4_1949_Liberte;healthReserve;turbocharger;rammer;18.26
france:F74_AMX_M4_1949_Liberte;healthReserve;aimingStabilizer;rammer;16.47
france:F74_AMX_M4_1949_Liberte;ventilation;aimingStabilizer;rammer;12.53
france:F75_Char_de_25t;ventilation;aimingStabilizer;coatedOptics;11.29
france:F75_Char_de_25t;coatedOptics;additInvisibilityDevice;commandersView;10.23
france:F75_Char_de_25t;aimingStabilizer;commandersView;coatedOptics;9.48
france:F81_Char_de_65t;healthReserve;aimingStabilizer;rammer;28.74
france:F81_Char_de_65t;healthReserve;turbocharger;rammer;15.83
france:F81_Char_de_65t;ventilation;aimingStabilizer;coatedOptics;13.43
france:F82_AMX_M4_Mle1949_Ter;healthReserve;aimingStabilizer;rammer;23.02
france:F82_AMX_M4_Mle1949_Ter;healthReserve;turbocharger;rammer;19.8
france:F82_AMX_M4_Mle1949_Ter;aimingStabilizer;turbocharger;rammer;16.64
france:F83_AMX_M4_Mle1949_Bis;healthReserve;aimingStabilizer;rammer;31.14
france:F83_AMX_M4_Mle1949_Bis;healthReserve;turbocharger;rammer;18.63
france:F83_AMX_M4_Mle1949_Bis;turbocharger;aimingStabilizer;rammer;14.49
france:F84_Somua_SM;healthReserve;turbocharger;aimingStabilizer;25.67
france:F84_Somua_SM;ventilation;turbocharger;aimingStabilizer;10.89
france:F84_Somua_SM;healthReserve;improvedSights;aimingStabilizer;9.09
france:F85_M4A1_FL10;rotationMechanism;ventilation;coatedOptics;25.47
france:F85_M4A1_FL10;ventilation;improvedSights;coatedOptics;11.37
france:F85_M4A1_FL10;turbocharger;rotationMechanism;coatedOptics;9.81
france:F87_Batignolles-Chatillon_12t;commandersView;additInvisibilityDevice;coatedOptics;81.46
france:F87_Batignolles-Chatillon_12t;coatedOptics;commandersView;ventilation;4.98
france:F87_Batignolles-Chatillon_12t;additInvisibilityDevice;ventilation;coatedOptics;1.88
france:F88_AMX_13_105;commandersView;additInvisibilityDevice;coatedOptics;76.03
france:F88_AMX_13_105;commandersView;ventilation;coatedOptics;5.94
france:F88_AMX_13_105;commandersView;additInvisibilityDevice;ventilation;4.9
france:F89_Canon_dassaut_de_105;rammer;ventilation;coatedOptics;26.13
france:F89_Canon_dassaut_de_105;rammer;modernizedTurbochargerRotationMechanism;ventilation;7.95
france:F89_Canon_dassaut_de_105;rammer;turbocharger;ventilation;7.27
france:F97_ELC_EVEN_90;commandersView;additInvisibilityDevice;coatedOptics;81.62
france:F97_ELC_EVEN_90;commandersView;ventilation;coatedOptics;4.19
france:F97_ELC_EVEN_90;commandersView;turbocharger;coatedOptics;3.53
germany:G02_Hummel;rammer;rotationMechanism;enhancedAimDrives;79.94
germany:G02_Hummel;rammer;turbocharger;enhancedAimDrives;11.83
germany:G02_Hummel;rammer;rotationMechanism;stereoscope;3.33
germany:G03_PzV_Panther;ventilation;rammer;coatedOptics;10.4
germany:G03_PzV_Panther;rotationMechanism;rammer;ventilation;9.72
germany:G03_PzV_Panther;enhancedAimDrives;improvedSights;rammer;8.34
germany:G04_PzVI_Tiger_I;healthReserve;rammer;ventilation;13.21
germany:G04_PzVI_Tiger_I;healthReserve;rotationMechanism;rammer;11.85
germany:G04_PzVI_Tiger_I;healthReserve;turbocharger;rammer;10.25
germany:G05_StuG_40_AusfG;ventilation;rammer;stereoscope;26.71
germany:G05_StuG_40_AusfG;ventilation;rammer;coatedOptics;15.43
germany:G05_StuG_40_AusfG;rammer;modernizedImprovedSightsEnhancedAimDrives;modernizedTurbochargerRotationMechanism;7.86
germany:G09_Hetzer;enhancedAimDrives;turbocharger;healthReserve;23.58
germany:G101_StuG_III;ventilation;camouflageNet;stereoscope;23.7
germany:G103_RU_251;commandersView;additInvisibilityDevice;coatedOptics;84.01
germany:G103_RU_251;commandersView;additInvisibilityDevice;ventilation;2.99
germany:G103_RU_251;additInvisibilityDevice;turbocharger;coatedOptics;2.67
germany:G104_Stug_IV;ventilation;stereoscope;rammer;31.98
germany:G104_Stug_IV;rammer;turbocharger;stereoscope;24.95
germany:G104_Stug_IV;turbocharger;coatedOptics;rammer;11.94
germany:G105_T-55_NVA_DDR;ventilation;aimingStabilizer;rammer;25.16
germany:G105_T-55_NVA_DDR;turbocharger;aimingStabilizer;rammer;14.88
germany:G105_T-55_NVA_DDR;coatedOptics;aimingStabilizer;rammer;9.42
germany:G106_PzKpfwPanther_AusfF;turbocharger;aimingStabilizer;rammer;43.02
germany:G106_PzKpfwPanther_AusfF;ventilation;aimingStabilizer;rammer;20.7
germany:G106_PzKpfwPanther_AusfF;rammer;coatedOptics;ventilation;7.44
germany:G109_Steyr_WT;rammer;camouflageNet;stereoscope;18.26
germany:G109_Steyr_WT;rammer;improvedSights;coatedOptics;16.54
germany:G109_Steyr_WT;rammer;turbocharger;stereoscope;9.1
germany:G10_PzIII_AusfJ;enhancedAimDrives;ventilation;coatedOptics;20.26
germany:G10_PzIII_AusfJ;turbocharger;ventilation;coatedOptics;16.38
germany:G110_Typ_205;healthReserve;turbocharger;rammer;44.18
germany:G110_Typ_205;healthReserve;modernizedTurbochargerRotationMechanism;rammer;9.28
germany:G110_Typ_205;healthReserve;aimingStabilizer;rammer;8.39
germany:G112_KanonenJagdPanzer;rammer;coatedOptics;ventilation;51.25
germany:G112_KanonenJagdPanzer;rammer;additInvisibilityDevice;coatedOptics;34.52
germany:G112_KanonenJagdPanzer_105;rammer;ventilation;coatedOptics;23.06
germany:G112_KanonenJagdPanzer_105;improvedSights;ventilation;stereoscope;9.67
germany:G112_KanonenJagdPanzer_105;improvedSights;ventilation;coatedOptics;8.18
germany:G113_SP_I_C;ventilation;additInvisibilityDevice;coatedOptics;35.11
germany:G113_SP_I_C;additInvisibilityDevice;turbocharger;coatedOptics;32.15
germany:G113_SP_I_C;additInvisibilityDevice;rammer;coatedOptics;13.22
germany:G114_Rheinmetall_Skorpian;rammer;improvedSights;coatedOptics;17.51
germany:G114_Rheinmetall_Skorpian;rammer;rotationMechanism;coatedOptics;13.2
germany:G114_Rheinmetall_Skorpian;improvedSights;rotationMechanism;rammer;7.08
germany:G114_Skorpian;rammer;improvedSights;coatedOptics;11.87
germany:G114_Skorpian;improvedSights;rotationMechanism;rammer;9.53
germany:G114_Skorpian;rammer;rotationMechanism;coatedOptics;8.12
germany:G115_Typ_205B;healthReserve;turbocharger;rammer;35.08
germany:G115_Typ_205B;healthReserve;aimingStabilizer;rammer;10.75
germany:G115_Typ_205B;aimingStabilizer;turbocharger;rammer;7.02
germany:G118_VK4503;healthReserve;turbocharger;rammer;12.47
germany:G118_VK4503;healthReserve;rammer;ventilation;11.25
germany:G118_VK4503;healthReserve;rammer;coatedOptics;10.76
germany:G119_Pz58_Mutz;ventilation;aimingStabilizer;rammer;21.45
germany:G119_Pz58_Mutz;ventilation;aimingStabilizer;coatedOptics;15.64
germany:G119_Pz58_Mutz;turbocharger;rammer;aimingStabilizer;10.91
germany:G120_M41_90;commandersView;additInvisibilityDevice;coatedOptics;62.94
germany:G120_M41_90;commandersView;additInvisibilityDevice;ventilation;11.46
germany:G120_M41_90;commandersView;additInvisibilityDevice;aimingStabilizer;9.43
germany:G120_M41_90_GrandFinal;commandersView;additInvisibilityDevice;coatedOptics;60.71
germany:G120_M41_90_GrandFinal;commandersView;additInvisibilityDevice;ventilation;10.12
germany:G120_M41_90_GrandFinal;commandersView;additInvisibilityDevice;stereoscope;6.2
germany:G121_Grille_15_L63;rammer;improvedSights;rotationMechanism;10.78
germany:G121_Grille_15_L63;rotationMechanism;modernizedTurbochargerRotationMechanism;rammer;10.32
germany:G121_Grille_15_L63;rammer;modernizedTurbochargerRotationMechanism;improvedSights;7.2
germany:G124_Pz_Kpfw_38_K;rammer;coatedOptics;ventilation;44.64
germany:G124_Pz_Kpfw_38_K;coatedOptics;additInvisibilityDevice;ventilation;12.37
germany:G124_Pz_Kpfw_38_K;turbocharger;coatedOptics;rammer;10.24
germany:G125_Spz_57_Rh;commandersView;additInvisibilityDevice;coatedOptics;72.92
germany:G125_Spz_57_Rh;commandersView;additInvisibilityDevice;rammer;6.02
germany:G125_Spz_57_Rh;rammer;additInvisibilityDevice;healthReserve;4.05
germany:G126_HWK_12;commandersView;additInvisibilityDevice;coatedOptics;86.95
germany:G126_HWK_12;commandersView;additInvisibilityDevice;ventilation;5.15
germany:G126_HWK_12;coatedOptics;rammer;ventilation;2.76
germany:G134_PzKpfw_VII;healthReserve;aimingStabilizer;rammer;29.58
germany:G134_PzKpfw_VII;healthReserve;turbocharger;rammer;11.92
germany:G134_PzKpfw_VII;modernizedExtraHealthReserveAntifragmentationLining;aimingStabilizer;rammer;9.61
germany:G136_Tiger_131;healthReserve;turbocharger;rammer;14.31
germany:G136_Tiger_131;healthReserve;rammer;ventilation;11.1
germany:G136_Tiger_131;ventilation;rammer;coatedOptics;10.59
germany:G138_VK168_02;healthReserve;turbocharger;rammer;57.62
germany:G138_VK168_02;rammer;turbocharger;aimingStabilizer;12.14
germany:G138_VK168_02_Mauerbrecher;healthReserve;aimingStabilizer;rammer;48.83
germany:G138_VK168_02_Mauerbrecher;modernizedTurbochargerRotationMechanism;aimingStabilizer;rammer;14.1
germany:G138_VK168_02_Mauerbrecher;healthReserve;modernizedTurbochargerRotationMechanism;rammer;10.18
germany:G13_VK3001H;turbocharger;rammer;coatedOptics;19.66
germany:G13_VK3001H;ventilation;rammer;coatedOptics;9.73
germany:G13_VK3001H;healthReserve;enhancedAimDrives;rammer;9.73
germany:G140_HWK_30;commandersView;additInvisibilityDevice;coatedOptics;59.11
germany:G140_HWK_30;coatedOptics;rammer;aimingStabilizer;7.04
germany:G140_HWK_30;commandersView;additInvisibilityDevice;rammer;4.59
germany:G141_VK7501K;healthReserve;aimingStabilizer;rammer;17.84
germany:G141_VK7501K;ventilation;aimingStabilizer;rammer;15.97
germany:G141_VK7501K;improvedSights;rammer;aimingStabilizer;8.17
germany:G142_M48RPz;turbocharger;healthReserve;rammer;20.6
germany:G142_M48RPz;turbocharger;aimingStabilizer;rammer;16.85
germany:G142_M48RPz;turbocharger;rammer;ventilation;15.74
germany:G143_E75_TS;ventilation;aimingStabilizer;rammer;24.21
germany:G143_E75_TS;healthReserve;aimingStabilizer;rammer;18.52
germany:G143_E75_TS;turbocharger;aimingStabilizer;rammer;11.96
germany:G144_Kpz_50t;ventilation;aimingStabilizer;rammer;21.65
germany:G144_Kpz_50t;rammer;modernizedTurbochargerRotationMechanism;aimingStabilizer;14.78
germany:G144_Kpz_50t;healthReserve;aimingStabilizer;rammer;12.49
germany:G147_Kunze_Panzer;ventilation;aimingStabilizer;rammer;22.77
germany:G147_Kunze_Panzer;coatedOptics;additInvisibilityDevice;commandersView;16.55
germany:G147_Kunze_Panzer;ventilation;improvedSights;rammer;6.33
germany:G154_Kpz_07_RH;ventilation;aimingStabilizer;rammer;17.69
germany:G154_Kpz_07_RH;rammer;aimingStabilizer;coatedOptics;8.51
germany:G154_Kpz_07_RH;ventilation;rammer;coatedOptics;6.85
germany:G158_VK2801_105_SPXXI;coatedOptics;aimingStabilizer;rammer;16.44
germany:G158_VK2801_105_SPXXI;coatedOptics;additInvisibilityDevice;ventilation;13.39
germany:G158_VK2801_105_SPXXI;coatedOptics;additInvisibilityDevice;aimingStabilizer;11.68
germany:G159_KPZ_3_Project_07_HK;rammer;ventilation;coatedOptics;15.3
germany:G159_KPZ_3_Project_07_HK;coatedOptics;modernizedTurbochargerRotationMechanism;ventilation;6.49
germany:G159_KPZ_3_Project_07_HK;rammer;turbocharger;coatedOptics;5.15
germany:G15_VK3601H;rammer;coatedOptics;ventilation;19.44
germany:G15_VK3601H;healthReserve;turbocharger;rammer;17.35
germany:G15_VK3601H;healthReserve;rammer;ventilation;10.93
germany:G162_Project_Kpz_07P_E;healthReserve;turbocharger;rammer;17.92
germany:G162_Project_Kpz_07P_E;healthReserve;aimingStabilizer;rammer;16.69
germany:G162_Project_Kpz_07P_E;healthReserve;rammer;ventilation;10.54
germany:G163_Pz_Kpfw_KW_Ir_mit_75mm_kwk40;healthReserve;rammer;ventilation;29.02
germany:G163_Pz_Kpfw_KW_Ir_mit_75mm_kwk40;healthReserve;turbocharger;rammer;28.76
germany:G163_Pz_Kpfw_KW_Ir_mit_75mm_kwk40;ventilation;rotationMechanism;rammer;9.23
germany:G164_Kpz_Pr_68_P;ventilation;aimingStabilizer;rammer;29.05
germany:G164_Kpz_Pr_68_P;turbocharger;aimingStabilizer;rammer;11.86
germany:G164_Kpz_Pr_68_P;aimingStabilizer;coatedOptics;rammer;8.16
germany:G166_LKpz_70_K;commandersView;additInvisibilityDevice;coatedOptics;67.64
germany:G166_LKpz_70_K;commandersView;rammer;coatedOptics;6.89
germany:G166_LKpz_70_K;coatedOptics;additInvisibilityDevice;rammer;3.45
germany:G167_Tiger_Maus_120t;healthReserve;turbocharger;rammer;27.4
germany:G167_Tiger_Maus_120t;healthReserve;aimingStabilizer;rammer;11.73
germany:G167_Tiger_Maus_120t;modernizedExtraHealthReserveAntifragmentationLining;aimingStabilizer;rammer;7.76
germany:G168_KJpz_T_III;rammer;additInvisibilityDevice;coatedOptics;20.47
germany:G168_KJpz_T_III;rammer;modernizedTurbochargerRotationMechanism;ventilation;11.24
germany:G168_KJpz_T_III;turbocharger;stereoscope;rammer;7.55
germany:G169_T_54D;turbocharger;aimingStabilizer;rammer;41.02
germany:G169_T_54D;modernizedTurbochargerRotationMechanism;aimingStabilizer;rammer;13.22
germany:G169_T_54D;turbocharger;rammer;ventilation;4.15
germany:G16_PzVIB_Tiger_II;healthReserve;aimingStabilizer;rammer;18.94
germany:G16_PzVIB_Tiger_II;aimingStabilizer;turbocharger;rammer;17.15
germany:G16_PzVIB_Tiger_II;healthReserve;turbocharger;rammer;13.73
germany:G170_PzKpfwIV_Ausf_F2;rammer;turbocharger;coatedOptics;30.43
germany:G170_PzKpfwIV_Ausf_F2;rotationMechanism;rammer;coatedOptics;19.81
germany:G170_PzKpfwIV_Ausf_F2;modernizedImprovedSightsEnhancedAimDrives;modernizedTurbochargerRotationMechanism;coatedOptics;9.67
germany:G171_E77;turbocharger;aimingStabilizer;rammer;18.39
germany:G171_E77;healthReserve;aimingStabilizer;rammer;14.53
germany:G171_E77;ventilation;aimingStabilizer;rammer;13.79
germany:G172_PzVIB_Tiger_II_DIT;healthReserve;turbocharger;rammer;37.12
germany:G172_PzVIB_Tiger_II_DIT;ventilation;healthReserve;rammer;17
germany:G172_PzVIB_Tiger_II_DIT;healthReserve;modernizedTurbochargerRotationMechanism;rammer;5.94
germany:G173_BT42_DIT;modernizedTurbochargerRotationMechanism;additInvisibilityDevice;coatedOptics;19.83
germany:G173_BT42_DIT;coatedOptics;rammer;aimingStabilizer;10.88
germany:G173_BT42_DIT;ventilation;aimingStabilizer;rammer;10.02
germany:G17_JagdPzIV;ventilation;coatedOptics;rammer;15.26
germany:G17_JagdPzIV;rammer;turbocharger;stereoscope;14.06
germany:G17_JagdPzIV;rammer;turbocharger;coatedOptics;6.14
germany:G18_JagdPanther;stereoscope;turbocharger;rammer;14.95
germany:G18_JagdPanther;rammer;turbocharger;ventilation;10.07
germany:G18_JagdPanther;rammer;modernizedTurbochargerRotationMechanism;stereoscope;7.53
germany:G23_Grille;rotationMechanism;enhancedAimDrives;rammer;51.13
germany:G23_Grille;rammer;turbocharger;enhancedAimDrives;30.23
germany:G23_Grille;enhancedAimDrives;modernizedTurbochargerRotationMechanism;rammer;10.08
germany:G24_VK3002DB;ventilation;rammer;coatedOptics;20.07
germany:G24_VK3002DB;ventilation;rotationMechanism;rammer;10.42
germany:G24_VK3002DB;rotationMechanism;rammer;coatedOptics;8.37
germany:G25_PzII_Luchs;ventilation;additInvisibilityDevice;coatedOptics;48.75
germany:G25_PzII_Luchs;ventilation;turbocharger;coatedOptics;27.02
germany:G26_VK1602;ventilation;additInvisibilityDevice;coatedOptics;17.38
germany:G26_VK1602;additInvisibilityDevice;coatedOptics;stereoscope;16.87
germany:G26_VK1602;coatedOptics;aimingStabilizer;ventilation;14.57
germany:G27_VK3001P;healthReserve;turbocharger;rammer;20.35
germany:G27_VK3001P;healthReserve;rammer;ventilation;10.59
germany:G27_VK3001P;healthReserve;modernizedTurbochargerRotationMechanism;rammer;8.96
germany:G28_PzIII_IV;ventilation;turbocharger;coatedOptics;34.63
germany:G28_PzIII_IV;rammer;ventilation;stereoscope;25.54
germany:G32_PzV_PzIV;coatedOptics;modernizedTurbochargerRotationMechanism;rammer;42.18
germany:G32_PzV_PzIV;coatedOptics;ventilation;rammer;23.85
germany:G32_PzV_PzIV;turbocharger;coatedOptics;rammer;16.97
germany:G33_H39_captured;turbocharger;;;40.31
germany:G33_H39_captured;ventilation;;;33.33
germany:G34_S35_captured;ventilation;coatedOptics;;37.84
germany:G34_S35_captured;healthReserve;ventilation;;33.11
germany:G35_B-1bis_captured;ventilation;turbocharger;healthReserve;35.47
germany:G35_B-1bis_captured;coatedOptics;turbocharger;healthReserve;23.84
germany:G35_B-1bis_captured;coatedOptics;turbocharger;enhancedAimDrives;17.44
germany:G37_Ferdinand;rammer;turbocharger;healthReserve;33.59
germany:G37_Ferdinand;rotationMechanism;modernizedTurbochargerRotationMechanism;rammer;10.75
germany:G37_Ferdinand;improvedSights;turbocharger;ventilation;9.74
germany:G40_Nashorn;rammer;turbocharger;stereoscope;14.52
germany:G40_Nashorn;rammer;camouflageNet;stereoscope;12.42
germany:G40_Nashorn;rammer;turbocharger;coatedOptics;11.55
germany:G41_DickerMax;rammer;turbocharger;coatedOptics;15.36
germany:G41_DickerMax;improvedSights;rammer;coatedOptics;14.02
germany:G41_DickerMax;improvedSights;turbocharger;coatedOptics;11.05
germany:G42_Maus;healthReserve;turbocharger;rammer;57.88
germany:G42_Maus;healthReserve;modernizedTurbochargerRotationMechanism;rammer;13.57
germany:G42_Maus;healthReserve;aimingStabilizer;rammer;2.5
germany:G43_Sturer_Emil;rammer;turbocharger;stereoscope;10.69
germany:G43_Sturer_Emil;rammer;turbocharger;coatedOptics;8.27
germany:G43_Sturer_Emil;rammer;turbocharger;rotationMechanism;8
germany:G44_JagdTiger;rammer;turbocharger;healthReserve;14.18
germany:G44_JagdTiger;rotationMechanism;turbocharger;rammer;13.1
germany:G44_JagdTiger;rammer;healthReserve;ventilation;11.66
germany:G44_JagdTigerH;rammer;turbocharger;ventilation;18.38
germany:G44_JagdTigerH;rotationMechanism;turbocharger;rammer;18.28
germany:G44_JagdTigerH;rammer;turbocharger;healthReserve;13.18
germany:G45_G_Tiger;rammer;rotationMechanism;enhancedAimDrives;62.22
germany:G45_G_Tiger;rammer;modernizedTurbochargerRotationMechanism;enhancedAimDrives;19.71
germany:G45_G_Tiger;enhancedAimDrives;turbocharger;rammer;7.52
germany:G48_E-25;rammer;coatedOptics;ventilation;29.82
germany:G48_E-25;ventilation;additInvisibilityDevice;coatedOptics;16.33
germany:G48_E-25;rammer;additInvisibilityDevice;coatedOptics;12.05
germany:G49_G_Panther;rammer;rotationMechanism;enhancedAimDrives;82.44
germany:G49_G_Panther;rammer;turbocharger;enhancedAimDrives;6.98
germany:G49_G_Panther;rammer;enhancedAimDrives;stereoscope;3.72
germany:G51_Lowe;turbocharger;aimingStabilizer;rammer;16.97
germany:G51_Lowe;ventilation;aimingStabilizer;rammer;16.84
germany:G51_Lowe;healthReserve;aimingStabilizer;rammer;14.59
germany:G52_Pz38_NA;coatedOptics;additInvisibilityDevice;ventilation;36.36
germany:G52_Pz38_NA;additInvisibilityDevice;coatedOptics;stereoscope;28.9
germany:G52_Pz38_NA;turbocharger;additInvisibilityDevice;coatedOptics;11.69
germany:G54_E-50;turbocharger;aimingStabilizer;rammer;26.35
germany:G54_E-50;turbocharger;healthReserve;rammer;13.44
germany:G54_E-50;ventilation;aimingStabilizer;rammer;8.03
germany:G55_E-75;healthReserve;aimingStabilizer;rammer;29.68
germany:G55_E-75;turbocharger;aimingStabilizer;rammer;14.06
germany:G55_E-75;healthReserve;turbocharger;rammer;7.71
germany:G56_E-100;healthReserve;aimingStabilizer;rammer;42.81
germany:G56_E-100;healthReserve;turbocharger;rammer;9.91
germany:G56_E-100;turbocharger;aimingStabilizer;rammer;7.2
germany:G57_PzVI_Tiger_P;healthReserve;turbocharger;rammer;23.03
germany:G57_PzVI_Tiger_P;healthReserve;rammer;ventilation;11.93
germany:G57_PzVI_Tiger_P;healthReserve;modernizedTurbochargerRotationMechanism;rammer;6.69
germany:G58_VK4502P;healthReserve;aimingStabilizer;rammer;36.78
germany:G58_VK4502P;turbocharger;aimingStabilizer;rammer;11.14
germany:G58_VK4502P;healthReserve;turbocharger;rammer;10.83
germany:G61_G_E;rammer;rotationMechanism;enhancedAimDrives;73.05
germany:G61_G_E;enhancedAimDrives;modernizedTurbochargerRotationMechanism;rammer;11.03
germany:G61_G_E;rammer;turbocharger;enhancedAimDrives;10.29
germany:G64_Panther_II;turbocharger;aimingStabilizer;rammer;14.93
germany:G64_Panther_II;ventilation;aimingStabilizer;rammer;11.3
germany:G64_Panther_II;turbocharger;coatedOptics;rammer;9.36
germany:G65_JagdTiger_SdKfz_185;rammer;rotationMechanism;improvedConfiguration;36.72
germany:G65_JagdTiger_SdKfz_185;rammer;turbocharger;rotationMechanism;20
germany:G66_VK2801;additInvisibilityDevice;ventilation;coatedOptics;53.13
germany:G66_VK2801;coatedOptics;aimingStabilizer;rammer;11.98
germany:G66_VK2801;coatedOptics;turbocharger;additInvisibilityDevice;8.12
germany:G67_VK4502A;healthReserve;aimingStabilizer;rammer;28.84
germany:G67_VK4502A;turbocharger;aimingStabilizer;rammer;14.82
germany:G67_VK4502A;healthReserve;turbocharger;rammer;14.02
germany:G71_JagdPantherII;rammer;turbocharger;ventilation;16.85
germany:G71_JagdPantherII;rammer;modernizedTurbochargerRotationMechanism;healthReserve;16.57
germany:G71_JagdPantherII;rammer;stereoscope;ventilation;12.08
germany:G72_JagdPz_E100;rotationMechanism;turbocharger;rammer;10.98
germany:G72_JagdPz_E100;rammer;turbocharger;healthReserve;10.29
germany:G72_JagdPz_E100;rammer;turbocharger;ventilation;8.43
germany:G73_E50_Ausf_M;turbocharger;healthReserve;rammer;17.7
germany:G73_E50_Ausf_M;ventilation;aimingStabilizer;rammer;15.91
germany:G73_E50_Ausf_M;healthReserve;aimingStabilizer;rammer;14.8
germany:G76_Pz_Sfl_IVc;coatedOptics;improvedSights;rammer;32.02
germany:G76_Pz_Sfl_IVc;rammer;improvedSights;stereoscope;18.79
germany:G76_Pz_Sfl_IVc;rammer;rotationMechanism;stereoscope;13.46
germany:G77_PzIV_Schmalturm;modernizedImprovedSightsEnhancedAimDrives;modernizedTurbochargerRotationMechanism;rammer;31
germany:G77_PzIV_Schmalturm;turbocharger;rammer;coatedOptics;20
germany:G77_PzIV_Schmalturm;turbocharger;rammer;ventilation;13.33
germany:G78_Panther_M10;modernizedTurbochargerRotationMechanism;modernizedImprovedSightsEnhancedAimDrives;coatedOptics;33.6
germany:G78_Panther_M10;modernizedTurbochargerRotationMechanism;coatedOptics;enhancedAimDrives;11.13
germany:G78_Panther_M10;turbocharger;healthReserve;ventilation;10.54
germany:G81_Pz_IV_AusfH;ventilation;rammer;coatedOptics;17.45
germany:G81_Pz_IV_AusfH;improvedSights;ventilation;rammer;11.48
germany:G81_Pz_IV_AusfH;rammer;turbocharger;coatedOptics;9.3
germany:G81_Pz_IV_AusfH_GuP;ventilation;rammer;coatedOptics;42.91
germany:G81_Pz_IV_AusfH_GuP;rammer;ventilation;stereoscope;15.9
germany:G81_Pz_IV_AusfH_GuP;rammer;turbocharger;coatedOptics;9.4
germany:G87_VK3002DB_V1;coatedOptics;camouflageNet;stereoscope;50.67
germany:G87_VK3002DB_V1;ventilation;modernizedImprovedSightsEnhancedAimDrives;rammer;13.92
germany:G87_VK3002DB_V1;additInvisibilityDevice;coatedOptics;rammer;4.51
germany:G88_Indien_Panzer;ventilation;rammer;coatedOptics;19.35
germany:G88_Indien_Panzer;ventilation;aimingStabilizer;rammer;14.3
germany:G88_Indien_Panzer;aimingStabilizer;rammer;coatedOptics;10.7
germany:G89_Leopard1;ventilation;aimingStabilizer;rammer;33.14
germany:G89_Leopard1;ventilation;additInvisibilityDevice;rammer;7.5
germany:G89_Leopard1;ventilation;commandersView;rammer;6.25
germany:G91_Pro_Ag_A;ventilation;aimingStabilizer;rammer;26.02
germany:G91_Pro_Ag_A;additInvisibilityDevice;commandersView;coatedOptics;18.58
germany:G91_Pro_Ag_A;rammer;aimingStabilizer;coatedOptics;6.51
germany:G92_VK7201;healthReserve;aimingStabilizer;rammer;35.67
germany:G92_VK7201;healthReserve;turbocharger;rammer;14.18
germany:G92_VK7201;turbocharger;aimingStabilizer;rammer;12.02
germany:G94_GW_Tiger_P;rammer;rotationMechanism;enhancedAimDrives;68.82
germany:G94_GW_Tiger_P;rammer;turbocharger;enhancedAimDrives;14.4
germany:G94_GW_Tiger_P;rotationMechanism;modernizedTurbochargerRotationMechanism;rammer;7.61
germany:G96_VK3002M;ventilation;rammer;coatedOptics;23.28
germany:G96_VK3002M;turbocharger;rammer;coatedOptics;13.01
germany:G96_VK3002M;turbocharger;rammer;ventilation;9.85
germany:G97_Waffentrager_IV;improvedSights;turbocharger;rammer;14.75
germany:G97_Waffentrager_IV;rammer;modernizedTurbochargerRotationMechanism;improvedSights;8.83
germany:G97_Waffentrager_IV;rammer;improvedSights;coatedOptics;8.27
germany:G98_Waffentrager_E100;rotationMechanism;turbocharger;improvedSights;18.9
germany:G98_Waffentrager_E100;rotationMechanism;turbocharger;enhancedAimDrives;12.8
germany:G98_Waffentrager_E100;improvedSights;modernizedTurbochargerRotationMechanism;healthReserve;11.28
germany:G99_RhB_Waffentrager;improvedSights;turbocharger;rammer;13.56
germany:G99_RhB_Waffentrager;improvedSights;modernizedTurbochargerRotationMechanism;rammer;13.2
germany:G99_RhB_Waffentrager;improvedSights;rammer;coatedOptics;8.55
italy:It07_P26_40;turbocharger;ventilation;coatedOptics;27.48
italy:It08_Progetto_M40_mod_65;ventilation;aimingStabilizer;coatedOptics;13.5
italy:It08_Progetto_M40_mod_65;additInvisibilityDevice;aimingStabilizer;ventilation;12.64
italy:It08_Progetto_M40_mod_65;ventilation;improvedSights;aimingStabilizer;11.05
italy:It09_P43_ter;rammer;aimingStabilizer;coatedOptics;13.91
italy:It09_P43_ter;ventilation;aimingStabilizer;rammer;12.17
italy:It09_P43_ter;rotationMechanism;improvedSights;rammer;10.25
italy:It10_P43_bis;ventilation;rammer;coatedOptics;18.08
italy:It10_P43_bis;turbocharger;rammer;coatedOptics;12.87
italy:It10_P43_bis;rotationMechanism;rammer;coatedOptics;11.71
italy:It11_P43;stereoscope;additInvisibilityDevice;ventilation;24.77
italy:It11_P43;rammer;ventilation;coatedOptics;19.37
italy:It12_Prototipo_Standard_B;ventilation;aimingStabilizer;coatedOptics;11.84
italy:It12_Prototipo_Standard_B;turbocharger;aimingStabilizer;ventilation;7.78
italy:It12_Prototipo_Standard_B;turbocharger;enhancedAimDrives;stereoscope;7.7
italy:It13_Progetto_M35_mod_46;ventilation;aimingStabilizer;coatedOptics;17.86
italy:It13_Progetto_M35_mod_46;turbocharger;aimingStabilizer;ventilation;9.75
italy:It13_Progetto_M35_mod_46;aimingStabilizer;commandersView;coatedOptics;8.47
italy:It13_Progetto_M35_mod_46_LE;ventilation;aimingStabilizer;coatedOptics;15.04
italy:It13_Progetto_M35_mod_46_LE;additInvisibilityDevice;commandersView;coatedOptics;10.91
italy:It13_Progetto_M35_mod_46_LE;ventilation;modernizedAimDrivesAimingStabilizer;aimingStabilizer;8.29
italy:It14_P44_Pantera;ventilation;aimingStabilizer;coatedOptics;24.44
italy:It14_P44_Pantera;ventilation;additInvisibilityDevice;coatedOptics;19.14
italy:It14_P44_Pantera;ventilation;improvedSights;aimingStabilizer;11.52
italy:It15_Rinoceronte;ventilation;turbocharger;aimingStabilizer;22.05
italy:It15_Rinoceronte;ventilation;modernizedTurbochargerRotationMechanism;aimingStabilizer;17.01
italy:It15_Rinoceronte;ventilation;improvedSights;aimingStabilizer;9.45
italy:It16_Carro_d_assalto_P88;healthReserve;turbocharger;rammer;21.16
italy:It16_Carro_d_assalto_P88;ventilation;improvedSights;rammer;13.93
italy:It16_Carro_d_assalto_P88;ventilation;turbocharger;rammer;12.52
italy:It17_Progetto_CC55_mod_54;ventilation;turbocharger;aimingStabilizer;24.94
italy:It17_Progetto_CC55_mod_54;ventilation;improvedSights;aimingStabilizer;19.59
italy:It17_Progetto_CC55_mod_54;healthReserve;aimingStabilizer;ventilation;9.79
italy:It18_Progetto_C45_mod_71;ventilation;improvedSights;aimingStabilizer;17.66
italy:It18_Progetto_C45_mod_71;ventilation;turbocharger;aimingStabilizer;13.93
italy:It18_Progetto_C45_mod_71;ventilation;modernizedTurbochargerRotationMechanism;aimingStabilizer;9.02
italy:It19_Progetto_C50_mod_66;ventilation;turbocharger;aimingStabilizer;17.56
italy:It19_Progetto_C50_mod_66;healthReserve;turbocharger;aimingStabilizer;13.91
italy:It19_Progetto_C50_mod_66;ventilation;improvedSights;aimingStabilizer;10.58
italy:It20_Carro_Combattimento_45t;ventilation;modernizedAimDrivesAimingStabilizer;aimingStabilizer;23.08
italy:It20_Carro_Combattimento_45t;ventilation;improvedSights;aimingStabilizer;15.08
italy:It20_Carro_Combattimento_45t;ventilation;modernizedTurbochargerRotationMechanism;aimingStabilizer;11.88
italy:It21_Lion;modernizedTurbochargerRotationMechanism;modernizedAimDrivesAimingStabilizer;aimingStabilizer;11.79
italy:It21_Lion;modernizedTurbochargerRotationMechanism;aimingStabilizer;ventilation;11.78
italy:It21_Lion;modernizedAimDrivesAimingStabilizer;aimingStabilizer;ventilation;9.44
italy:It23_CC_3;improvedSights;turbocharger;healthReserve;15.27
italy:It23_CC_3;improvedSights;modernizedTurbochargerRotationMechanism;ventilation;10.6
italy:It23_CC_3;improvedSights;turbocharger;rotationMechanism;10.32
italy:It24_Controcarro_1_Mk2;improvedSights;turbocharger;healthReserve;15.12
italy:It24_Controcarro_1_Mk2;improvedSights;turbocharger;rotationMechanism;11.83
italy:It24_Controcarro_1_Mk2;ventilation;turbocharger;rotationMechanism;9.64
italy:It26_CC_56;ventilation;modernizedImprovedSightsEnhancedAimDrives;coatedOptics;12.17
italy:It26_CC_56;improvedSights;turbocharger;ventilation;9.31
italy:It26_CC_56;improvedSights;turbocharger;rotationMechanism;8.94
italy:It27_M43_da_105_25_Bassoto;ventilation;turbocharger;coatedOptics;30.92
italy:It27_M43_da_105_25_Bassoto;ventilation;rammer;coatedOptics;10.46
italy:It27_M43_da_105_25_Bassoto;rammer;improvedSights;stereoscope;4.99
italy:It28_Semovente_M41_Da_75_18;stereoscope;turbocharger;rammer;27.97
italy:It28_Semovente_M41_Da_75_18;stereoscope;modernizedTurbochargerRotationMechanism;rammer;15.47
italy:It28_Semovente_M41_Da_75_18;rammer;ventilation;coatedOptics;15.47
italy:It30_CC_mod_64_Prem;improvedSights;turbocharger;rotationMechanism;12.4
italy:It30_CC_mod_64_Prem;improvedSights;modernizedTurbochargerRotationMechanism;ventilation;8.91
italy:It30_CC_mod_64_Prem;improvedSights;turbocharger;ventilation;7.22
italy:It31_CC_67_B;improvedSights;turbocharger;ventilation;14.18
italy:It31_CC_67_B;rotationMechanism;turbocharger;healthReserve;10.56
italy:It31_CC_67_B;improvedSights;modernizedTurbochargerRotationMechanism;coatedOptics;9.89
italy:It34_Toro;healthReserve;aimingStabilizer;ventilation;15.89
italy:It34_Toro;ventilation;turbocharger;aimingStabilizer;15.51
italy:It34_Toro;healthReserve;turbocharger;aimingStabilizer;13.11
italy:It35_Felice;turbocharger;aimingStabilizer;rammer;18.53
italy:It35_Felice;ventilation;aimingStabilizer;rammer;17.61
italy:It35_Felice;modernizedTurbochargerRotationMechanism;aimingStabilizer;rammer;10.58
japan:J06_Ke_Ho;ventilation;additInvisibilityDevice;coatedOptics;32.42
japan:J06_Ke_Ho;enhancedAimDrives;ventilation;stereoscope;26.94
japan:J06_Ke_Ho;coatedOptics;turbocharger;additInvisibilityDevice;17.35
japan:J08_Chi_Nu;ventilation;turbocharger;coatedOptics;30.56
japan:J08_Chi_Nu;turbocharger;coatedOptics;rammer;24.17
japan:J08_Chi_Nu;turbocharger;rammer;stereoscope;15.56
japan:J09_Chi_He;ventilation;turbocharger;coatedOptics;23.65
japan:J09_Chi_He;stereoscope;healthReserve;ventilation;18.67
japan:J09_Chi_He;ventilation;enhancedAimDrives;coatedOptics;16.18
japan:J10_Chi_To;turbocharger;rammer;ventilation;20.03
japan:J10_Chi_To;rammer;turbocharger;rotationMechanism;14.69
japan:J10_Chi_To;turbocharger;rammer;coatedOptics;14.69
japan:J11_Chi_Ri;turbocharger;coatedOptics;ventilation;37.14
japan:J11_Chi_Ri;turbocharger;rammer;ventilation;9.18
japan:J11_Chi_Ri;ventilation;rammer;coatedOptics;8.06
japan:J12_Chi_Nu_Kai;rammer;turbocharger;coatedOptics;38.06
japan:J13_STA_1;ventilation;aimingStabilizer;rammer;21.25
japan:J13_STA_1;aimingStabilizer;healthReserve;rammer;14.38
japan:J13_STA_1;turbocharger;aimingStabilizer;rammer;9.38
japan:J14_Type_61;ventilation;aimingStabilizer;rammer;15.21
japan:J14_Type_61;turbocharger;aimingStabilizer;rammer;14.42
japan:J14_Type_61;ventilation;modernizedImprovedSightsEnhancedAimDrives;rammer;8.43
japan:J16_ST_B1;ventilation;aimingStabilizer;rammer;24.29
japan:J16_ST_B1;turbocharger;aimingStabilizer;rammer;14.7
japan:J16_ST_B1;coatedOptics;aimingStabilizer;rammer;8.75
japan:J18_STA_2_3;ventilation;aimingStabilizer;rammer;20.69
japan:J18_STA_2_3;turbocharger;aimingStabilizer;rammer;13
japan:J18_STA_2_3;turbocharger;commandersView;coatedOptics;8.65
japan:J19_Tiger_I_Jpn;ventilation;healthReserve;rammer;25.82
japan:J19_Tiger_I_Jpn;healthReserve;rotationMechanism;rammer;10.76
japan:J19_Tiger_I_Jpn;healthReserve;turbocharger;rammer;10.62
japan:J20_Type_2605;healthReserve;turbocharger;rammer;39.34
japan:J20_Type_2605;healthReserve;modernizedTurbochargerRotationMechanism;rammer;16.18
japan:J20_Type_2605;healthReserve;aimingStabilizer;rammer;12.36
japan:J23_Mi_To;rammer;turbocharger;healthReserve;58.65
japan:J24_Mi_To_130_tons;healthReserve;turbocharger;rammer;17.52
japan:J24_Mi_To_130_tons;ventilation;rammer;coatedOptics;9.96
japan:J24_Mi_To_130_tons;ventilation;healthReserve;rammer;9.34
japan:J25_Type_4;healthReserve;turbocharger;rammer;36.98
japan:J25_Type_4;modernizedExtraHealthReserveAntifragmentationLining;turbocharger;rammer;18.39
japan:J25_Type_4;rotationMechanism;turbocharger;rammer;11.64
japan:J27_O_I_120;healthReserve;turbocharger;rammer;25.68
japan:J27_O_I_120;healthReserve;rammer;coatedOptics;18.15
japan:J27_O_I_120;healthReserve;ventilation;rammer;12.67
japan:J28_O_I_100;healthReserve;turbocharger;rammer;22.74
japan:J28_O_I_100;turbocharger;rammer;ventilation;14.32
japan:J28_O_I_100;ventilation;rammer;grousers;11.19
japan:J29_Nameless;healthReserve;aimingStabilizer;rammer;23.23
japan:J29_Nameless;healthReserve;rammer;ventilation;14.57
japan:J29_Nameless;ventilation;aimingStabilizer;rammer;13.78
japan:J30_Edelweiss;ventilation;aimingStabilizer;rammer;40.35
japan:J30_Edelweiss;aimingStabilizer;rammer;coatedOptics;31.58
japan:J31_Type_5_KaRi;rammer;turbocharger;ventilation;26.06
japan:J31_Type_5_KaRi;rammer;modernizedTurbochargerRotationMechanism;ventilation;12.05
japan:J31_Type_5_KaRi;rammer;improvedSights;ventilation;8.54
japan:J32_Chi_To_SPG;rammer;turbocharger;ventilation;19.91
japan:J32_Chi_To_SPG;rammer;turbocharger;coatedOptics;11.96
japan:J32_Chi_To_SPG;rammer;turbocharger;rotationMechanism;8.9
japan:J33_Ho_Ri_2;rammer;turbocharger;ventilation;20.7
japan:J33_Ho_Ri_2;rammer;turbocharger;rotationMechanism;11.72
japan:J33_Ho_Ri_2;improvedSights;turbocharger;rammer;5.92
japan:J34_Ho_Ri_1;rammer;turbocharger;ventilation;27.68
japan:J34_Ho_Ri_1;rammer;turbocharger;rotationMechanism;13.37
japan:J34_Ho_Ri_1;rammer;turbocharger;healthReserve;10.22
japan:J35_Ho_Ri_3;rammer;turbocharger;ventilation;21.49
japan:J35_Ho_Ri_3;rammer;modernizedTurbochargerRotationMechanism;ventilation;15.03
japan:J35_Ho_Ri_3;rammer;turbocharger;healthReserve;10.3
japan:J36_Type_63_HT;ventilation;turbocharger;rammer;16.32
japan:J36_Type_63_HT;healthReserve;turbocharger;rammer;14.35
japan:J36_Type_63_HT;ventilation;aimingStabilizer;rammer;14.32
japan:J37_Type_3_Ho_Ni_III;ventilation;rammer;stereoscope;29.61
japan:J37_Type_3_Ho_Ni_III;rammer;coatedOptics;ventilation;10.39
japan:J37_Type_3_Ho_Ni_III;rammer;stereoscope;coatedOptics;8.96
japan:J38_Type_95_Ji_Ro;rammer;turbocharger;coatedOptics;16.07
japan:J38_Type_95_Ji_Ro;rammer;turbocharger;stereoscope;12.14
japan:J38_Type_95_Ji_Ro;ventilation;turbocharger;rammer;11.88
japan:J39_Type_57;healthReserve;turbocharger;rammer;22.17
japan:J39_Type_57;turbocharger;aimingStabilizer;rammer;20.46
japan:J39_Type_57;healthReserve;aimingStabilizer;rammer;10.65
japan:J40_Type_71;healthReserve;turbocharger;rammer;21.74
japan:J40_Type_71;rammer;modernizedTurbochargerRotationMechanism;aimingStabilizer;11.13
japan:J40_Type_71;healthReserve;aimingStabilizer;rammer;10.54
japan:J41_Type_68;healthReserve;turbocharger;rammer;22.16
japan:J41_Type_68;turbocharger;aimingStabilizer;rammer;19.61
japan:J41_Type_68;healthReserve;aimingStabilizer;rammer;14.59
japan:J43_Type_4_Ju-To;healthReserve;rammer;ventilation;19.56
japan:J43_Type_4_Ju-To;healthReserve;turbocharger;rammer;18.62
japan:J43_Type_4_Ju-To;ventilation;rammer;coatedOptics;18.36
japan:J44_Type_3_Ju_Nu;healthReserve;turbocharger;rammer;21.64
japan:J44_Type_3_Ju_Nu;healthReserve;turbocharger;rotationMechanism;17.29
japan:J44_Type_3_Ju_Nu;healthReserve;rammer;ventilation;9.4
japan:J45_Mitsu_108;rammer;enhancedAimDrives;ventilation;13.33
japan:J45_Mitsu_108;ventilation;healthReserve;coatedOptics;13.33
japan:J45_Mitsu_108;turbocharger;coatedOptics;rammer;13.17
japan:J50_Type_1_Ho_Ni_II;turbocharger;additInvisibilityDevice;stereoscope;19.28
japan:J50_Type_1_Ho_Ni_II;enhancedAimDrives;turbocharger;stereoscope;17.24
japan:J50_Type_1_Ho_Ni_II;turbocharger;additInvisibilityDevice;coatedOptics;16.21
poland:Pl03_PzV_Poland;ventilation;rammer;coatedOptics;37.67
poland:Pl03_PzV_Poland;turbocharger;rammer;ventilation;15.74
poland:Pl03_PzV_Poland;turbocharger;rammer;coatedOptics;11.4
poland:Pl05_50TP_Tyszkiewicza;healthReserve;aimingStabilizer;rammer;41.08
poland:Pl05_50TP_Tyszkiewicza;ventilation;aimingStabilizer;rammer;10.87
poland:Pl05_50TP_Tyszkiewicza;turbocharger;aimingStabilizer;rammer;9.76
poland:Pl08_50TP_prototyp;healthReserve;aimingStabilizer;rammer;26.41
poland:Pl08_50TP_prototyp;aimingStabilizer;turbocharger;rammer;17.92
poland:Pl08_50TP_prototyp;ventilation;aimingStabilizer;rammer;9.04
poland:Pl10_40TP_Habicha;ventilation;rammer;coatedOptics;22.64
poland:Pl10_40TP_Habicha;rammer;turbocharger;coatedOptics;15.9
poland:Pl10_40TP_Habicha;turbocharger;rammer;ventilation;14.61
poland:Pl11_45TP_Habicha;healthReserve;turbocharger;rammer;19.68
poland:Pl11_45TP_Habicha;healthReserve;rammer;ventilation;14.65
poland:Pl11_45TP_Habicha;healthReserve;improvedSights;rammer;11.79
poland:Pl13_53TP_Markowskiego;healthReserve;aimingStabilizer;rammer;29.67
poland:Pl13_53TP_Markowskiego;ventilation;aimingStabilizer;rammer;18.05
poland:Pl13_53TP_Markowskiego;turbocharger;aimingStabilizer;rammer;11.22
poland:Pl15_60TP_Lewandowskiego;healthReserve;aimingStabilizer;rammer;27.78
poland:Pl15_60TP_Lewandowskiego;modernizedTurbochargerRotationMechanism;aimingStabilizer;rammer;10.7
poland:Pl15_60TP_Lewandowskiego;aimingStabilizer;turbocharger;rammer;9.63
poland:Pl16_T34_85_Rudy;ventilation;rammer;coatedOptics;53.39
poland:Pl16_T34_85_Rudy;turbocharger;rammer;coatedOptics;9.98
poland:Pl16_T34_85_Rudy;ventilation;improvedSights;rammer;8.25
poland:Pl17_DS_PZlnz;ventilation;rammer;coatedOptics;44
poland:Pl18_BUGI;turbocharger;additInvisibilityDevice;stereoscope;14.77
poland:Pl18_BUGI;ventilation;rammer;coatedOptics;14.5
poland:Pl18_BUGI;turbocharger;rammer;coatedOptics;8.53
poland:Pl19_CS_52_LIS;ventilation;aimingStabilizer;rammer;21.72
poland:Pl19_CS_52_LIS;aimingStabilizer;rammer;coatedOptics;15.89
poland:Pl19_CS_52_LIS;turbocharger;aimingStabilizer;rammer;12.73
poland:Pl20_CS_44;ventilation;rammer;coatedOptics;45.6
poland:Pl20_CS_44;turbocharger;rammer;coatedOptics;16
poland:Pl20_CS_44;turbocharger;rotationMechanism;rammer;6.67
poland:Pl21_CS_63;ventilation;aimingStabilizer;rammer;21.51
poland:Pl21_CS_63;turbocharger;aimingStabilizer;rammer;18.66
poland:Pl21_CS_63;aimingStabilizer;healthReserve;rammer;9.19
poland:Pl21_CS_63_OSP3;turbocharger;healthReserve;rammer;23.97
poland:Pl21_CS_63_OSP3;rammer;healthReserve;aimingStabilizer;17.45
poland:Pl21_CS_63_OSP3;turbocharger;aimingStabilizer;rammer;15.5
poland:Pl22_CS_59;turbocharger;aimingStabilizer;rammer;16.07
poland:Pl22_CS_59;ventilation;aimingStabilizer;rammer;10.27
poland:Pl22_CS_59;coatedOptics;aimingStabilizer;rammer;8.87
poland:Pl23_CS_53;ventilation;rammer;coatedOptics;16.55
poland:Pl23_CS_53;turbocharger;aimingStabilizer;rammer;14.44
poland:Pl23_CS_53;ventilation;aimingStabilizer;rammer;14.03
poland:Pl24_56TP;turbocharger;aimingStabilizer;rammer;27.01
poland:Pl24_56TP;ventilation;aimingStabilizer;rammer;18.96
poland:Pl24_56TP;healthReserve;aimingStabilizer;rammer;17.52
poland:Pl25_CS_52_C;aimingStabilizer;rammer;ventilation;18.57
poland:Pl25_CS_52_C;turbocharger;aimingStabilizer;rammer;13.93
poland:Pl25_CS_52_C;turbocharger;commandersView;coatedOptics;12.12
poland:Pl27_SDP_Wz_66T;rammer;turbocharger;healthReserve;14.58
poland:Pl27_SDP_Wz_66T;rammer;modernizedTurbochargerRotationMechanism;rotationMechanism;12.48
poland:Pl27_SDP_Wz_66T;rammer;modernizedTurbochargerRotationMechanism;healthReserve;11.73
poland:Pl28_SDP_Wz_60;rammer;turbocharger;healthReserve;19.61
poland:Pl28_SDP_Wz_60;rotationMechanism;turbocharger;rammer;13.93
poland:Pl28_SDP_Wz_60;rammer;turbocharger;ventilation;11.88
poland:Pl29_NC_Wz_70T;rammer;healthReserve;turbocharger;23.47
poland:Pl29_NC_Wz_70T;rammer;modernizedTurbochargerRotationMechanism;healthReserve;21.45
poland:Pl29_NC_Wz_70T;rammer;modernizedTurbochargerRotationMechanism;rotationMechanism;8.99
poland:Pl30_SDP_Wz58T;rammer;turbocharger;healthReserve;14.33
poland:Pl30_SDP_Wz58T;rotationMechanism;turbocharger;rammer;13.19
poland:Pl30_SDP_Wz58T;rammer;turbocharger;ventilation;7.07
poland:Pl31_SDP_Wz_57D;rammer;turbocharger;stereoscope;12.93
poland:Pl31_SDP_Wz_57D;ventilation;rotationMechanism;rammer;9.97
poland:Pl31_SDP_Wz_57D;rammer;coatedOptics;ventilation;9.16
poland:Pl32_SDP_Wz_44;rammer;turbocharger;stereoscope;12.17
poland:Pl32_SDP_Wz_44;rammer;coatedOptics;ventilation;10.9
poland:Pl32_SDP_Wz_44;rotationMechanism;turbocharger;rammer;10.3
poland:Pl33_SDP_Wz_40;rammer;turbocharger;stereoscope;18.73
poland:Pl33_SDP_Wz_40;rammer;turbocharger;ventilation;14.18
poland:Pl33_SDP_Wz_40;ventilation;rammer;coatedOptics;11.45
sweden:S01_Strv_74_A2;turbocharger;ventilation;coatedOptics;13.95
sweden:S01_Strv_74_A2;modernizedTurbochargerRotationMechanism;coatedOptics;ventilation;12.24
sweden:S01_Strv_74_A2;rotationMechanism;coatedOptics;ventilation;11.1
sweden:S02_Strv_M42;stereoscope;additInvisibilityDevice;ventilation;41.67
sweden:S02_Strv_M42;ventilation;rammer;coatedOptics;22.62
sweden:S06_Ikv_90_Typ_B_Bofors;ventilation;rammer;coatedOptics;26.23
sweden:S06_Ikv_90_Typ_B_Bofors;rammer;ventilation;stereoscope;8.11
sweden:S06_Ikv_90_Typ_B_Bofors;rammer;turbocharger;stereoscope;6.2
sweden:S07_Strv_74;ventilation;rammer;coatedOptics;37.26
sweden:S07_Strv_74;turbocharger;rammer;coatedOptics;11.38
sweden:S07_Strv_74;rammer;modernizedTurbochargerRotationMechanism;rotationMechanism;7.79
sweden:S08_Ikv_65_Alt_2;rammer;ventilation;stereoscope;24.59
sweden:S08_Ikv_65_Alt_2;ventilation;rammer;coatedOptics;22.28
sweden:S08_Ikv_65_Alt_2;ventilation;rotationMechanism;stereoscope;7.09
sweden:S10_Strv_103_0_Series;rammer;ventilation;stereoscope;16.72
sweden:S10_Strv_103_0_Series;rammer;turbocharger;stereoscope;10.79
sweden:S10_Strv_103_0_Series;turbocharger;ventilation;rammer;7.59
sweden:S11_Strv_103B;rammer;turbocharger;ventilation;20.31
sweden:S11_Strv_103B;rammer;stereoscope;ventilation;11.57
sweden:S11_Strv_103B;rammer;turbocharger;stereoscope;10.67
sweden:S13_Leo;ventilation;additInvisibilityDevice;coatedOptics;20.22
sweden:S13_Leo;turbocharger;rammer;coatedOptics;11.47
sweden:S13_Leo;rotationMechanism;rammer;coatedOptics;9.16
sweden:S14_Ikv_103;rammer;additInvisibilityDevice;ventilation;27.73
sweden:S14_Ikv_103;rammer;improvedSights;stereoscope;14.09
sweden:S16_Kranvagn;ventilation;turbocharger;aimingStabilizer;16.29
sweden:S16_Kranvagn;healthReserve;turbocharger;aimingStabilizer;14.25
sweden:S16_Kranvagn;ventilation;modernizedTurbochargerRotationMechanism;aimingStabilizer;5.03
sweden:S17_EMIL_1952_E2;ventilation;turbocharger;aimingStabilizer;17.87
sweden:S17_EMIL_1952_E2;aimingStabilizer;improvedSights;turbocharger;9.73
sweden:S17_EMIL_1952_E2;healthReserve;aimingStabilizer;ventilation;8.19
sweden:S18_EMIL_1951_E1;ventilation;aimingStabilizer;enhancedAimDrives;17.62
sweden:S18_EMIL_1951_E1;ventilation;turbocharger;aimingStabilizer;10.42
sweden:S18_EMIL_1951_E1;healthReserve;turbocharger;aimingStabilizer;7.07
sweden:S21_UDES_03;rammer;modernizedTurbochargerRotationMechanism;stereoscope;16.72
sweden:S21_UDES_03;rammer;ventilation;stereoscope;16.58
sweden:S21_UDES_03;rammer;camouflageNet;stereoscope;7.46
sweden:S22_Strv_S1;rammer;turbocharger;stereoscope;20.26
sweden:S22_Strv_S1;rammer;ventilation;stereoscope;14.91
sweden:S22_Strv_S1;rammer;camouflageNet;stereoscope;12.34
sweden:S23_Strv_81;ventilation;improvedSights;aimingStabilizer;15.46
sweden:S23_Strv_81;turbocharger;aimingStabilizer;ventilation;12.32
sweden:S23_Strv_81;ventilation;aimingStabilizer;rammer;11.35
sweden:S25_EMIL_51;ventilation;aimingStabilizer;enhancedAimDrives;26.66
sweden:S25_EMIL_51;ventilation;turbocharger;aimingStabilizer;19.04
sweden:S25_EMIL_51;ventilation;rotationMechanism;aimingStabilizer;5.99
sweden:S26_Lansen_C;ventilation;aimingStabilizer;rammer;22.78
sweden:S26_Lansen_C;aimingStabilizer;rammer;coatedOptics;11.35
sweden:S26_Lansen_C;aimingStabilizer;additInvisibilityDevice;coatedOptics;7.61
sweden:S27_UDES_16;ventilation;aimingStabilizer;rammer;34.03
sweden:S27_UDES_16;coatedOptics;aimingStabilizer;rammer;14.75
sweden:S27_UDES_16;ventilation;improvedSights;rammer;10.79
sweden:S28_UDES_15_16;ventilation;aimingStabilizer;rammer;29.02
sweden:S28_UDES_15_16;ventilation;modernizedExtraHealthReserveAntifragmentationLining;rammer;9.07
sweden:S28_UDES_15_16;turbocharger;aimingStabilizer;rammer;6.46
sweden:S29_UDES_14_5;ventilation;aimingStabilizer;rammer;25.23
sweden:S29_UDES_14_5;coatedOptics;additInvisibilityDevice;aimingStabilizer;7.78
sweden:S29_UDES_14_5;additInvisibilityDevice;commandersView;coatedOptics;7.54
sweden:S30_UDES_03_Alt_3;turbocharger;aimingStabilizer;ventilation;12.99
sweden:S30_UDES_03_Alt_3;additInvisibilityDevice;commandersView;coatedOptics;12.97
sweden:S30_UDES_03_Alt_3;ventilation;additInvisibilityDevice;commandersView;10.31
sweden:S31_Strv_K;ventilation;aimingStabilizer;rammer;32.43
sweden:S31_Strv_K;turbocharger;aimingStabilizer;rammer;12.05
sweden:S31_Strv_K;healthReserve;aimingStabilizer;rammer;11.81
sweden:S32_Bofors_Tornvagn;aimingStabilizer;turbocharger;rammer;28.17
sweden:S32_Bofors_Tornvagn;ventilation;aimingStabilizer;rammer;11.38
sweden:S32_Bofors_Tornvagn;modernizedTurbochargerRotationMechanism;aimingStabilizer;rammer;8.95
sweden:S33_Latt_Stridsfordon_120;rammer;turbocharger;stereoscope;15.25
sweden:S33_Latt_Stridsfordon_120;rammer;turbocharger;coatedOptics;15
sweden:S33_Latt_Stridsfordon_120;rammer;modernizedTurbochargerRotationMechanism;ventilation;10.61
uk:GB07_Matilda;ventilation;turbocharger;healthReserve;24.69
uk:GB07_Matilda;turbocharger;grousers;coatedOptics;15.62
uk:GB07_Matilda;ventilation;turbocharger;coatedOptics;12.85
uk:GB08_Churchill_I;turbocharger;healthReserve;rammer;33.25
uk:GB08_Churchill_I;coatedOptics;rammer;ventilation;28.39
uk:GB08_Churchill_I;coatedOptics;turbocharger;rammer;17.65
uk:GB09_Churchill_VII;healthReserve;turbocharger;rammer;42.02
uk:GB09_Churchill_VII;healthReserve;rammer;ventilation;9.75
uk:GB09_Churchill_VII;ventilation;turbocharger;rammer;7.7
uk:GB100_Manticore;commandersView;additInvisibilityDevice;coatedOptics;91.86
uk:GB100_Manticore;commandersView;additInvisibilityDevice;ventilation;3.92
uk:GB100_Manticore;commandersView;additInvisibilityDevice;stereoscope;1.41
uk:GB101_FV1066_Senlac;commandersView;additInvisibilityDevice;coatedOptics;71.57
uk:GB101_FV1066_Senlac;commandersView;turbocharger;additInvisibilityDevice;8.88
uk:GB101_FV1066_Senlac;commandersView;additInvisibilityDevice;stereoscope;3.75
uk:GB102_LHMTV;commandersView;additInvisibilityDevice;coatedOptics;81.29
uk:GB102_LHMTV;additInvisibilityDevice;commandersView;stereoscope;6.07
uk:GB102_LHMTV;coatedOptics;additInvisibilityDevice;ventilation;2.74
uk:GB103_GSOR3301_AVR_FS;commandersView;additInvisibilityDevice;coatedOptics;93.63
uk:GB103_GSOR3301_AVR_FS;commandersView;additInvisibilityDevice;ventilation;3.62
uk:GB103_GSOR3301_AVR_FS;commandersView;modernizedTurbochargerRotationMechanism;coatedOptics;1.27
uk:GB104_GSR_3301_Setter;ventilation;additInvisibilityDevice;coatedOptics;36.56
uk:GB104_GSR_3301_Setter;stereoscope;ventilation;camouflageNet;17.76
uk:GB104_GSR_3301_Setter;additInvisibilityDevice;turbocharger;coatedOptics;12.35
uk:GB105_Black_Prince_2019;healthReserve;turbocharger;rammer;38.38
uk:GB105_Black_Prince_2019;ventilation;rotationMechanism;rammer;11.07
uk:GB106_Cobra;ventilation;improvedSights;aimingStabilizer;8.76
uk:GB106_Cobra;turbocharger;coatedOptics;aimingStabilizer;8.54
uk:GB106_Cobra;ventilation;modernizedTurbochargerRotationMechanism;aimingStabilizer;8.31
uk:GB107_Cavalier;stereoscope;rammer;ventilation;36.47
uk:GB107_Cavalier;rammer;coatedOptics;stereoscope;22.93
uk:GB108_A46;additInvisibilityDevice;ventilation;coatedOptics;49.34
uk:GB108_A46;coatedOptics;turbocharger;additInvisibilityDevice;22.37
uk:GB109_GSOR_1008;rotationMechanism;improvedSights;ventilation;17.09
uk:GB109_GSOR_1008;rotationMechanism;modernizedTurbochargerRotationMechanism;ventilation;7.34
uk:GB109_GSOR_1008;ventilation;rotationMechanism;coatedOptics;5.82
uk:GB10_Black_Prince;healthReserve;turbocharger;rammer;37.47
uk:GB10_Black_Prince;modernizedExtraHealthReserveAntifragmentationLining;modernizedTurbochargerRotationMechanism;rammer;16.16
uk:GB10_Black_Prince;ventilation;healthReserve;rammer;6.43
uk:GB110_FV4201_Chieftain_Prototype;ventilation;aimingStabilizer;rammer;20.58
uk:GB110_FV4201_Chieftain_Prototype;modernizedTurbochargerRotationMechanism;aimingStabilizer;rammer;18.5
uk:GB110_FV4201_Chieftain_Prototype;turbocharger;aimingStabilizer;rammer;17.93
uk:GB111_Charlemagne;turbocharger;enhancedAimDrives;rammer;36.24
uk:GB111_Charlemagne;aimingStabilizer;turbocharger;rammer;13.9
uk:GB111_Charlemagne;modernizedTurbochargerRotationMechanism;aimingStabilizer;rammer;10.31
uk:GB112_Caliban;ventilation;improvedSights;aimingStabilizer;18.48
uk:GB112_Caliban;ventilation;enhancedAimDrives;aimingStabilizer;11.25
uk:GB112_Caliban;improvedSights;modernizedAimDrivesAimingStabilizer;aimingStabilizer;7.59
uk:GB114_Vickers_MBT_Mk3;ventilation;modernizedTurbochargerRotationMechanism;rammer;17.65
uk:GB114_Vickers_MBT_Mk3;ventilation;aimingStabilizer;rammer;12.72
uk:GB114_Vickers_MBT_Mk3;turbocharger;rammer;ventilation;11.81
uk:GB115_Gonsalo;ventilation;aimingStabilizer;rammer;15.28
uk:GB115_Gonsalo;healthReserve;aimingStabilizer;rammer;13.35
uk:GB115_Gonsalo;aimingStabilizer;modernizedTurbochargerRotationMechanism;rammer;12.99
uk:GB11_Caernarvon;healthReserve;turbocharger;rammer;28.58
uk:GB11_Caernarvon;healthReserve;aimingStabilizer;rammer;19.95
uk:GB11_Caernarvon;turbocharger;aimingStabilizer;rammer;7.78
uk:GB120_Concept_No_5;ventilation;additInvisibilityDevice;rammer;29.61
uk:GB120_Concept_No_5;coatedOptics;additInvisibilityDevice;commandersView;7.45
uk:GB120_Concept_No_5;turbocharger;additInvisibilityDevice;rammer;5.47
uk:GB121_GSOR_1010_FB;additInvisibilityDevice;commandersView;coatedOptics;14.15
uk:GB121_GSOR_1010_FB;ventilation;additInvisibilityDevice;rammer;13.6
uk:GB121_GSOR_1010_FB;ventilation;rammer;coatedOptics;7.79
uk:GB122_Staghound_Mk_III;ventilation;rammer;coatedOptics;29.31
uk:GB122_Staghound_Mk_III;ventilation;additInvisibilityDevice;coatedOptics;10.41
uk:GB122_Staghound_Mk_III;aimingStabilizer;rammer;coatedOptics;9
uk:GB123_GSOR_1006_v7;ventilation;additInvisibilityDevice;rammer;11.53
uk:GB123_GSOR_1006_v7;additInvisibilityDevice;commandersView;coatedOptics;8.9
uk:GB123_GSOR_1006_v7;ventilation;aimingStabilizer;rammer;7.59
uk:GB124_AEC_Armoured_Car;ventilation;rammer;coatedOptics;31.8
uk:GB124_AEC_Armoured_Car;ventilation;improvedSights;coatedOptics;11.3
uk:GB124_AEC_Armoured_Car;stereoscope;additInvisibilityDevice;ventilation;7.95
uk:GB125_Saladin;additInvisibilityDevice;commandersView;coatedOptics;16.92
uk:GB125_Saladin;ventilation;rammer;coatedOptics;10.05
uk:GB125_Saladin;additInvisibilityDevice;coatedOptics;rammer;8.76
uk:GB126_FSV_Scheme_A;ventilation;additInvisibilityDevice;coatedOptics;34.99
uk:GB126_FSV_Scheme_A;ventilation;rammer;coatedOptics;20.22
uk:GB126_FSV_Scheme_A;turbocharger;rammer;coatedOptics;9.59
uk:GB128_Nemesis;turbocharger;aimingStabilizer;rammer;23.61
uk:GB128_Nemesis;ventilation;aimingStabilizer;rammer;21.85
uk:GB128_Nemesis;turbocharger;coatedOptics;aimingStabilizer;14.34
uk:GB12_Conqueror;healthReserve;turbocharger;rammer;42.58
uk:GB12_Conqueror;ventilation;turbocharger;rammer;13.57
uk:GB12_Conqueror;healthReserve;modernizedTurbochargerRotationMechanism;rammer;9.74
uk:GB133_Charioteer_MkVII;rammer;rotationMechanism;ventilation;15.04
uk:GB133_Charioteer_MkVII;rotationMechanism;improvedSights;rammer;12.92
uk:GB133_Charioteer_MkVII;rammer;improvedSights;ventilation;12.73
uk:GB136_Churchill_BPXIV;healthReserve;turbocharger;rammer;41.59
uk:GB136_Churchill_BPXIV;healthReserve;rammer;coatedOptics;9.39
uk:GB136_Churchill_BPXIV;ventilation;rammer;coatedOptics;8.91
uk:GB139_FV226_Contradictious;healthReserve;turbocharger;aimingStabilizer;26.92
uk:GB139_FV226_Contradictious;ventilation;turbocharger;aimingStabilizer;18.64
uk:GB139_FV226_Contradictious;healthReserve;modernizedTurbochargerRotationMechanism;aimingStabilizer;7.61
uk:GB13_FV215b;modernizedExtraHealthReserveAntifragmentationLining;turbocharger;rammer;22.17
uk:GB13_FV215b;improvedConfiguration;turbocharger;rammer;16.22
uk:GB13_FV215b;healthReserve;rammer;improvedConfiguration;10.52
uk:GB141_GSOR_the_TANK;turbocharger;aimingStabilizer;rammer;18.86
uk:GB141_GSOR_the_TANK;ventilation;aimingStabilizer;rammer;13.07
uk:GB141_GSOR_the_TANK;modernizedTurbochargerRotationMechanism;aimingStabilizer;rammer;9.45
uk:GB145_Crusher_ASE_4;healthReserve;turbocharger;rammer;46.49
uk:GB145_Crusher_ASE_4;healthReserve;modernizedTurbochargerRotationMechanism;rammer;10.69
uk:GB145_Crusher_ASE_4;aimingStabilizer;turbocharger;rammer;8.81
uk:GB146_Gabler_s_Destroyer;coatedOptics;additInvisibilityDevice;ventilation;28.13
uk:GB146_Gabler_s_Destroyer;ventilation;aimingStabilizer;coatedOptics;20.07
uk:GB146_Gabler_s_Destroyer;coatedOptics;turbocharger;additInvisibilityDevice;16.54
uk:GB20_Crusader;coatedOptics;turbocharger;additInvisibilityDevice;33.65
uk:GB20_Crusader;coatedOptics;additInvisibilityDevice;ventilation;21.73
uk:GB20_Crusader;coatedOptics;modernizedTurbochargerRotationMechanism;ventilation;10.77
uk:GB21_Cromwell;ventilation;rammer;coatedOptics;24.34
uk:GB21_Cromwell;ventilation;rotationMechanism;coatedOptics;18.42
uk:GB21_Cromwell;rotationMechanism;rammer;coatedOptics;10.41
uk:GB22_Comet;ventilation;rammer;coatedOptics;32.93
uk:GB22_Comet;ventilation;aimingStabilizer;rammer;14.53
uk:GB22_Comet;aimingStabilizer;rammer;coatedOptics;9.76
uk:GB23_Centurion;turbocharger;aimingStabilizer;rammer;21.68
uk:GB23_Centurion;ventilation;aimingStabilizer;rammer;14.48
uk:GB23_Centurion;ventilation;healthReserve;rammer;8.18
uk:GB24_Centurion_Mk3;ventilation;aimingStabilizer;rammer;35.39
uk:GB24_Centurion_Mk3;turbocharger;aimingStabilizer;rammer;22.76
uk:GB24_Centurion_Mk3;aimingStabilizer;modernizedTurbochargerRotationMechanism;rammer;5.39
uk:GB28_Bishop;rammer;enhancedAimDrives;ventilation;35.27
uk:GB28_Bishop;rammer;enhancedAimDrives;stereoscope;25.52
uk:GB28_Bishop;ventilation;turbocharger;rammer;14.39
uk:GB29_Crusader_5inch;rammer;rotationMechanism;enhancedAimDrives;49.59
uk:GB29_Crusader_5inch;rammer;turbocharger;enhancedAimDrives;24.73
uk:GB29_Crusader_5inch;rammer;modernizedTurbochargerRotationMechanism;enhancedAimDrives;11.11
uk:GB30_FV3805;rammer;enhancedAimDrives;ventilation;63.65
uk:GB30_FV3805;rammer;rotationMechanism;enhancedAimDrives;16.84
uk:GB30_FV3805;rammer;rotationMechanism;ventilation;14.95
uk:GB31_Conqueror_Gun;rammer;enhancedAimDrives;ventilation;68.11
uk:GB31_Conqueror_Gun;rammer;rotationMechanism;enhancedAimDrives;14.7
uk:GB31_Conqueror_Gun;rammer;rotationMechanism;ventilation;10.85
uk:GB32_Tortoise;rammer;turbocharger;healthReserve;52.95
uk:GB32_Tortoise;rammer;modernizedTurbochargerRotationMechanism;healthReserve;10.41
uk:GB32_Tortoise;rammer;turbocharger;ventilation;9.41
uk:GB35_Sentinel_AC_IV;ventilation;rammer;coatedOptics;36.78
uk:GB35_Sentinel_AC_IV;turbocharger;rammer;coatedOptics;17.88
uk:GB35_Sentinel_AC_IV;ventilation;modernizedTurbochargerRotationMechanism;rammer;11.84
uk:GB41_Challenger;ventilation;rammer;coatedOptics;13.86
uk:GB41_Challenger;rammer;additInvisibilityDevice;coatedOptics;5.53
uk:GB41_Challenger;rammer;rotationMechanism;coatedOptics;4.9
uk:GB42_Valentine_AT;stereoscope;turbocharger;additInvisibilityDevice;56.28
uk:GB45_Achilles_IIC;rammer;turbocharger;coatedOptics;20.39
uk:GB45_Achilles_IIC;rammer;improvedSights;coatedOptics;16.48
uk:GB45_Achilles_IIC;rammer;camouflageNet;stereoscope;8.05
uk:GB48_FV215b_183;improvedSights;enhancedAimDrives;rammer;9.87
uk:GB48_FV215b_183;rammer;enhancedAimDrives;ventilation;8.75
uk:GB48_FV215b_183;rammer;improvedSights;ventilation;7.34
uk:GB50_Sherman_III;rammer;ventilation;coatedOptics;29.63
uk:GB50_Sherman_III;improvedSights;rammer;coatedOptics;28.57
uk:GB50_Sherman_III;turbocharger;rammer;coatedOptics;28.57
uk:GB51_Excelsior;ventilation;healthReserve;rammer;17.76
uk:GB51_Excelsior;healthReserve;turbocharger;rammer;11.19
uk:GB51_Excelsior;rammer;turbocharger;coatedOptics;9.41
uk:GB52_A45;ventilation;turbocharger;rammer;25.98
uk:GB59_Cruiser_Mk_IV;coatedOptics;turbocharger;healthReserve;26.97
uk:GB59_Cruiser_Mk_IV;ventilation;turbocharger;coatedOptics;17.27
uk:GB59_Cruiser_Mk_IV;coatedOptics;enhancedAimDrives;ventilation;12.12
uk:GB60_Covenanter;coatedOptics;additInvisibilityDevice;ventilation;22
uk:GB60_Covenanter;coatedOptics;turbocharger;additInvisibilityDevice;12.8
uk:GB63_TOG_II;healthReserve;turbocharger;rammer;72.9
uk:GB68_Matilda_Black_Prince;turbocharger;modernizedExtraHealthReserveAntifragmentationLining;coatedOptics;24.54
uk:GB68_Matilda_Black_Prince;ventilation;modernizedTurbochargerRotationMechanism;rammer;16.44
uk:GB68_Matilda_Black_Prince;rammer;turbocharger;coatedOptics;13.19
uk:GB70_N_FV4202_105;turbocharger;rammer;ventilation;26.07
uk:GB70_N_FV4202_105;rotationMechanism;additInvisibilityDevice;aimingStabilizer;18.25
uk:GB70_N_FV4202_105;ventilation;aimingStabilizer;rammer;16.57
uk:GB71_AT_15A;rammer;healthReserve;turbocharger;22.65
uk:GB72_AT15;rammer;turbocharger;healthReserve;36.83
uk:GB72_AT15;rammer;turbocharger;rotationMechanism;10.38
uk:GB72_AT15;rammer;healthReserve;ventilation;7.71
uk:GB73_AT2;healthReserve;turbocharger;rammer;37.04
uk:GB73_AT2;turbocharger;coatedOptics;rammer;10.69
uk:GB73_AT2;turbocharger;rammer;ventilation;10.25
uk:GB74_AT8;rammer;turbocharger;healthReserve;24.28
uk:GB74_AT8;coatedOptics;healthReserve;turbocharger;10.31
uk:GB74_AT8;rammer;turbocharger;rotationMechanism;7.25
uk:GB75_AT7;rammer;turbocharger;healthReserve;24.87
uk:GB75_AT7;rammer;turbocharger;coatedOptics;16.01
uk:GB75_AT7;rammer;turbocharger;grousers;6.35
uk:GB77_FV304;rammer;enhancedAimDrives;ventilation;63.52
uk:GB77_FV304;rammer;rotationMechanism;enhancedAimDrives;17.15
uk:GB77_FV304;rammer;rotationMechanism;ventilation;11.74
uk:GB79_FV206;rammer;enhancedAimDrives;ventilation;50.3
uk:GB79_FV206;rotationMechanism;rammer;ventilation;22.65
uk:GB79_FV206;enhancedAimDrives;rotationMechanism;rammer;10.86
uk:GB80_Charioteer;rammer;rotationMechanism;ventilation;14.2
uk:GB80_Charioteer;ventilation;improvedSights;rammer;12.11
uk:GB80_Charioteer;improvedSights;rammer;coatedOptics;6.55
uk:GB81_FV4004;improvedSights;rammer;ventilation;17.84
uk:GB81_FV4004;rammer;rotationMechanism;ventilation;10.68
uk:GB81_FV4004;ventilation;coatedOptics;rammer;9.54
uk:GB83_FV4005;improvedSights;modernizedTurbochargerRotationMechanism;rotationMechanism;8.17
uk:GB83_FV4005;improvedSights;enhancedAimDrives;rammer;8.04
uk:GB83_FV4005;improvedSights;rammer;ventilation;5.09
uk:GB85_Cromwell_Berlin;ventilation;rammer;coatedOptics;43.42
uk:GB85_Cromwell_Berlin;rotationMechanism;rammer;coatedOptics;9.57
uk:GB85_Cromwell_Berlin;ventilation;improvedSights;rammer;6.04
uk:GB86_Centurion_Action_X;ventilation;aimingStabilizer;rammer;25.67
uk:GB86_Centurion_Action_X;turbocharger;aimingStabilizer;rammer;10.86
uk:GB86_Centurion_Action_X;turbocharger;rammer;ventilation;6.66
uk:GB87_Chieftain_T95_turret;turbocharger;rammer;ventilation;37.65
uk:GB87_Chieftain_T95_turret;turbocharger;aimingStabilizer;rammer;20.85
uk:GB87_Chieftain_T95_turret;modernizedTurbochargerRotationMechanism;rammer;ventilation;13.36
uk:GB91_Super_Conqueror;healthReserve;turbocharger;rammer;47.38
uk:GB91_Super_Conqueror;healthReserve;modernizedTurbochargerRotationMechanism;rammer;9.03
uk:GB91_Super_Conqueror;modernizedExtraHealthReserveAntifragmentationLining;turbocharger;rammer;8.33
uk:GB92_FV217;rammer;turbocharger;healthReserve;36.63
uk:GB92_FV217;rammer;modernizedTurbochargerRotationMechanism;healthReserve;13.73
uk:GB92_FV217;rammer;turbocharger;ventilation;10.78
uk:GB93_Caernarvon_AX;turbocharger;aimingStabilizer;rammer;21.65
uk:GB93_Caernarvon_AX;healthReserve;aimingStabilizer;rammer;18.83
uk:GB93_Caernarvon_AX;healthReserve;turbocharger;rammer;12.4
uk:GB94_Centurion_Mk5-1_RAAC;ventilation;aimingStabilizer;rammer;28.89
uk:GB94_Centurion_Mk5-1_RAAC;turbocharger;aimingStabilizer;rammer;14.82
uk:GB94_Centurion_Mk5-1_RAAC;turbocharger;ventilation;rammer;6.76
uk:GB95_Ekins_Firefly_M4A4;ventilation;rammer;coatedOptics;21.48
uk:GB95_Ekins_Firefly_M4A4;turbocharger;additInvisibilityDevice;coatedOptics;10.09
uk:GB95_Ekins_Firefly_M4A4;aimingStabilizer;modernizedTurbochargerRotationMechanism;rammer;9.51
uk:GB96_Excalibur;rammer;ventilation;coatedOptics;28.19
uk:GB96_Excalibur;rammer;turbocharger;coatedOptics;14.5
uk:GB96_Excalibur;ventilation;turbocharger;rammer;9.71
uk:GB97_Chimera;ventilation;aimingStabilizer;rammer;29.32
uk:GB97_Chimera;turbocharger;aimingStabilizer;rammer;16.6
uk:GB97_Chimera;rammer;coatedOptics;aimingStabilizer;9.68
uk:GB98_T95_FV4201_Chieftain;healthReserve;turbocharger;rammer;31.18
uk:GB98_T95_FV4201_Chieftain;turbocharger;aimingStabilizer;rammer;16.77
uk:GB98_T95_FV4201_Chieftain;ventilation;turbocharger;rammer;7.93
uk:GB99_Turtle_Mk1;rammer;turbocharger;healthReserve;53.99
uk:GB99_Turtle_Mk1;rammer;turbocharger;ventilation;9.42
uk:GB99_Turtle_Mk1;rammer;modernizedTurbochargerRotationMechanism;healthReserve;8.51
usa:A02_M2_lt;ventilation;;;69.11
usa:A02_M2_lt;turbocharger;;;23.04
usa:A05_M4_Sherman;coatedOptics;improvedSights;rammer;31.05
usa:A05_M4_Sherman;ventilation;rammer;coatedOptics;16.07
usa:A05_M4_Sherman;rammer;turbocharger;coatedOptics;7.22
usa:A06_M4A3E8_Sherman;turbocharger;aimingStabilizer;rammer;19.35
usa:A06_M4A3E8_Sherman;rammer;aimingStabilizer;coatedOptics;13.08
usa:A06_M4A3E8_Sherman;ventilation;aimingStabilizer;coatedOptics;12.94
usa:A07_T20;ventilation;aimingStabilizer;rammer;32.15
usa:A07_T20;coatedOptics;aimingStabilizer;rammer;13.46
usa:A07_T20;ventilation;aimingStabilizer;coatedOptics;12.48
usa:A09_T1_hvy;healthReserve;turbocharger;rammer;16.82
usa:A09_T1_hvy;modernizedExtraHealthReserveAntifragmentationLining;coatedOptics;rammer;13.32
usa:A09_T1_hvy;rammer;ventilation;coatedOptics;9.65
usa:A100_T49;commandersView;additInvisibilityDevice;coatedOptics;51.58
usa:A100_T49;commandersView;additInvisibilityDevice;aimingStabilizer;8.2
usa:A100_T49;commandersView;additInvisibilityDevice;ventilation;4.76
usa:A101_M56;rotationMechanism;additInvisibilityDevice;coatedOptics;19.99
usa:A101_M56;rammer;improvedSights;coatedOptics;10.63
usa:A101_M56;rammer;rotationMechanism;coatedOptics;10.42
usa:A102_T28_concept;rammer;turbocharger;antifragmentationLining;16.7
usa:A102_T28_concept;rammer;turbocharger;healthReserve;12.63
usa:A102_T28_concept;rammer;modernizedTurbochargerRotationMechanism;ventilation;10.49
usa:A103_T71E1;ventilation;additInvisibilityDevice;coatedOptics;47.67
usa:A103_T71E1;coatedOptics;modernizedTurbochargerRotationMechanism;additInvisibilityDevice;10.73
usa:A103_T71E1;additInvisibilityDevice;aimingStabilizer;coatedOptics;9.2
usa:A104_M4A3E8A;turbocharger;rammer;coatedOptics;37.77
usa:A10_M6;healthReserve;turbocharger;rammer;20.29
usa:A10_M6;ventilation;rammer;coatedOptics;20.21
usa:A10_M6;healthReserve;rammer;ventilation;12.51
usa:A111_T25_Pilot;ventilation;aimingStabilizer;rammer;33.78
usa:A111_T25_Pilot;turbocharger;aimingStabilizer;rammer;29.26
usa:A111_T25_Pilot;turbocharger;rammer;coatedOptics;12.23
usa:A112_T71E2R;coatedOptics;additInvisibilityDevice;ventilation;67.12
usa:A112_T71E2R;additInvisibilityDevice;rammer;coatedOptics;14.51
usa:A115_Chrysler_K;healthReserve;aimingStabilizer;rammer;59.5
usa:A115_Chrysler_K;healthReserve;turbocharger;rammer;13.26
usa:A115_Chrysler_K_GF;healthReserve;aimingStabilizer;rammer;29.94
usa:A115_Chrysler_K_GF;ventilation;aimingStabilizer;rammer;17.35
usa:A115_Chrysler_K_GF;healthReserve;turbocharger;rammer;14.63
usa:A116_XM551;commandersView;additInvisibilityDevice;coatedOptics;62.94
usa:A116_XM551;turbocharger;aimingStabilizer;rammer;5.55
usa:A116_XM551;commandersView;additInvisibilityDevice;stereoscope;4.35
usa:A117_T26E5;healthReserve;aimingStabilizer;rammer;21.38
usa:A117_T26E5;ventilation;aimingStabilizer;rammer;15.25
usa:A117_T26E5;coatedOptics;aimingStabilizer;rammer;11.17
usa:A117_T26E5_Patriot;healthReserve;aimingStabilizer;rammer;16.12
usa:A117_T26E5_Patriot;ventilation;aimingStabilizer;rammer;13.97
usa:A117_T26E5_Patriot;aimingStabilizer;turbocharger;rammer;13.42
usa:A118_M4_Thunderbolt;turbocharger;aimingStabilizer;rammer;23.55
usa:A118_M4_Thunderbolt;ventilation;aimingStabilizer;rammer;15.87
usa:A118_M4_Thunderbolt;turbocharger;rammer;coatedOptics;14.68
usa:A11_T29;healthReserve;turbocharger;rammer;17.07
usa:A11_T29;healthReserve;rammer;ventilation;13.75
usa:A11_T29;healthReserve;aimingStabilizer;rammer;11.6
usa:A120_M48A5;turbocharger;aimingStabilizer;rammer;16.57
usa:A120_M48A5;turbocharger;rammer;ventilation;10.83
usa:A120_M48A5;aimingStabilizer;modernizedTurbochargerRotationMechanism;rammer;8.86
usa:A121_M26_Cologne;turbocharger;aimingStabilizer;rammer;34.19
usa:A121_M26_Cologne;aimingStabilizer;ventilation;rammer;14.34
usa:A122_TS-5;rammer;turbocharger;healthReserve;32.56
usa:A122_TS-5;rammer;modernizedTurbochargerRotationMechanism;healthReserve;11.09
usa:A122_TS-5;rammer;turbocharger;ventilation;10.04
usa:A123_T78;rotationMechanism;rammer;coatedOptics;19.31
usa:A123_T78;improvedSights;rammer;coatedOptics;15.41
usa:A123_T78;improvedSights;rammer;stereoscope;13.45
usa:A124_T54E2;healthReserve;aimingStabilizer;rammer;28.84
usa:A124_T54E2;ventilation;aimingStabilizer;rammer;28.73
usa:A124_T54E2;aimingStabilizer;turbocharger;rammer;13.35
usa:A125_AEP_1;rammer;turbocharger;aimingStabilizer;22.38
usa:A125_AEP_1;healthReserve;aimingStabilizer;rammer;17.7
usa:A125_AEP_1;ventilation;aimingStabilizer;rammer;14.04
usa:A126_PzVI_Tiger_II_capt;healthReserve;turbocharger;rammer;28.79
usa:A126_PzVI_Tiger_II_capt;ventilation;healthReserve;rammer;14.22
usa:A126_PzVI_Tiger_II_capt;ventilation;rotationMechanism;rammer;10.11
usa:A127_TL_1_LPC;turbocharger;aimingStabilizer;rammer;24.95
usa:A127_TL_1_LPC;ventilation;commandersView;coatedOptics;14.65
usa:A127_TL_1_LPC;coatedOptics;commandersView;aimingStabilizer;12.48
usa:A128_concept_1b;healthReserve;aimingStabilizer;rammer;28.11
usa:A128_concept_1b;rammer;turbocharger;aimingStabilizer;13.69
usa:A128_concept_1b;ventilation;aimingStabilizer;rammer;13.69
usa:A129_T6_medium;ventilation;turbocharger;enhancedAimDrives;26.82
usa:A129_T6_medium;ventilation;enhancedAimDrives;coatedOptics;20.69
usa:A129_T6_medium;ventilation;turbocharger;coatedOptics;12.64
usa:A12_T32;healthReserve;turbocharger;rammer;22.81
usa:A12_T32;healthReserve;aimingStabilizer;rammer;21.73
usa:A12_T32;aimingStabilizer;turbocharger;rammer;8.87
usa:A130_Super_Hellcat;rammer;additInvisibilityDevice;coatedOptics;15.91
usa:A130_Super_Hellcat;rotationMechanism;coatedOptics;rammer;12.48
usa:A130_Super_Hellcat;improvedSights;rammer;coatedOptics;12.04
usa:A132_T77;ventilation;modernizedTurbochargerRotationMechanism;aimingStabilizer;10.25
usa:A132_T77;ventilation;improvedSights;aimingStabilizer;9.38
usa:A132_T77;ventilation;healthReserve;aimingStabilizer;9.19
usa:A134_M24E2_SuperChaffee;coatedOptics;additInvisibilityDevice;ventilation;26.7
usa:A134_M24E2_SuperChaffee;additInvisibilityDevice;rammer;coatedOptics;17.56
usa:A134_M24E2_SuperChaffee;turbocharger;additInvisibilityDevice;ventilation;8.66
usa:A136_T42;ventilation;aimingStabilizer;rammer;43.42
usa:A136_T42;turbocharger;aimingStabilizer;rammer;23.84
usa:A139_M_III_Y;healthReserve;aimingStabilizer;rammer;37.87
usa:A139_M_III_Y;ventilation;aimingStabilizer;rammer;19.21
usa:A139_M_III_Y;healthReserve;turbocharger;rammer;9.91
usa:A13_T34_hvy;ventilation;aimingStabilizer;rammer;15.69
usa:A13_T34_hvy;turbocharger;aimingStabilizer;rammer;15.12
usa:A13_T34_hvy;ventilation;modernizedTurbochargerRotationMechanism;rammer;8.13
usa:A13_T34_hvy_BF;ventilation;aimingStabilizer;rammer;23.2
usa:A13_T34_hvy_BF;improvedSights;modernizedAimDrivesAimingStabilizer;ventilation;22.4
usa:A13_T34_hvy_BF;ventilation;turbocharger;rammer;13.33
usa:A140_ASTRON_REX_105mm;ventilation;improvedSights;aimingStabilizer;14.06
usa:A140_ASTRON_REX_105mm;turbocharger;improvedSights;aimingStabilizer;13.47
usa:A140_ASTRON_REX_105mm;coatedOptics;additInvisibilityDevice;commandersView;9.42
usa:A140_ASTRON_REX_105mm_SPD;ventilation;improvedSights;aimingStabilizer;26.52
usa:A140_ASTRON_REX_105mm_SPD;improvedSights;turbocharger;aimingStabilizer;22.73
usa:A140_ASTRON_REX_105mm_SPD;turbocharger;aimingStabilizer;ventilation;9.55
usa:A141_M_IV_Y;healthReserve;aimingStabilizer;rammer;46.56
usa:A141_M_IV_Y;aimingStabilizer;turbocharger;rammer;19.47
usa:A141_M_IV_Y;ventilation;aimingStabilizer;rammer;9.73
usa:A142_Pawlack_Tank;healthReserve;rammer;ventilation;16.27
usa:A142_Pawlack_Tank;healthReserve;antifragmentationLining;rammer;15.07
usa:A142_Pawlack_Tank;healthReserve;turbocharger;rammer;11.48
usa:A143_M_V_Y;healthReserve;aimingStabilizer;rammer;24.21
usa:A143_M_V_Y;turbocharger;aimingStabilizer;rammer;20.66
usa:A143_M_V_Y;healthReserve;turbocharger;rammer;15.36
usa:A144_M_VI_Y;healthReserve;aimingStabilizer;rammer;24.07
usa:A144_M_VI_Y;healthReserve;turbocharger;rammer;14.04
usa:A144_M_VI_Y;healthReserve;rammer;ventilation;14.04
usa:A145_TS_54;healthReserve;turbocharger;aimingStabilizer;26.2
usa:A145_TS_54;ventilation;turbocharger;aimingStabilizer;16.21
usa:A145_TS_54;healthReserve;turbocharger;ventilation;10.87
usa:A146_TL_7_120;improvedSights;rotationMechanism;ventilation;18.54
usa:A146_TL_7_120;modernizedTurbochargerRotationMechanism;rotationMechanism;coatedOptics;10.62
usa:A146_TL_7_120;ventilation;modernizedTurbochargerRotationMechanism;rotationMechanism;9.76
usa:A147_M_II_Y;healthReserve;aimingStabilizer;rammer;21.67
usa:A147_M_II_Y;healthReserve;rammer;ventilation;9.36
usa:A147_M_II_Y;ventilation;improvedSights;rammer;8.5
usa:A149_AMBT;turbocharger;aimingStabilizer;ventilation;23.52
usa:A149_AMBT;ventilation;improvedSights;aimingStabilizer;9.35
usa:A149_AMBT;rotationMechanism;modernizedTurbochargerRotationMechanism;aimingStabilizer;7.6
usa:A14_T30;rotationMechanism;turbocharger;rammer;9.25
usa:A14_T30;improvedSights;modernizedTurbochargerRotationMechanism;rammer;8.3
usa:A14_T30;rammer;rotationMechanism;ventilation;7.75
usa:A151_TS_60;turbocharger;improvedSights;rammer;14.85
usa:A151_TS_60;rammer;turbocharger;ventilation;14.76
usa:A151_TS_60;rammer;turbocharger;rotationMechanism;13.46
usa:A152_M_Project;turbocharger;aimingStabilizer;rammer;27.11
usa:A152_M_Project;turbocharger;coatedOptics;rammer;13.25
usa:A152_M_Project;turbocharger;ventilation;rammer;6.35
usa:A153_XM66F;improvedSights;turbocharger;rammer;18.1
usa:A153_XM66F;rammer;turbocharger;ventilation;13.39
usa:A153_XM66F;rammer;turbocharger;healthReserve;13.28
usa:A154_Convertible_Medium_Tank_T3E2;ventilation;coatedOptics;;55.12
usa:A155_AAT60;turbocharger;aimingStabilizer;rammer;23.22
usa:A155_AAT60;turbocharger;ventilation;rammer;15.47
usa:A155_AAT60;ventilation;modernizedTurbochargerRotationMechanism;rammer;14.23
usa:A156_T54_2022;healthReserve;aimingStabilizer;rammer;21.76
usa:A156_T54_2022;ventilation;aimingStabilizer;rammer;13.85
usa:A156_T54_2022;rammer;turbocharger;aimingStabilizer;13.67
usa:A158_T832;healthReserve;turbocharger;rammer;28.11
usa:A158_T832;aimingStabilizer;turbocharger;rammer;17.54
usa:A158_T832;ventilation;turbocharger;rammer;9.58
usa:A160_M24_594;rammer;turbocharger;coatedOptics;31.54
usa:A161_ARMT;turbocharger;additInvisibilityDevice;coatedOptics;23.6
usa:A161_ARMT;ventilation;turbocharger;coatedOptics;18.35
usa:A161_ARMT;ventilation;improvedSights;coatedOptics;13.11
usa:A168_XM_57;rammer;modernizedTurbochargerRotationMechanism;rotationMechanism;12.84
usa:A168_XM_57;rammer;turbocharger;rotationMechanism;9.5
usa:A168_XM_57;rammer;turbocharger;healthReserve;8.53
usa:A169_PattonIII_120;turbocharger;aimingStabilizer;rammer;23.97
usa:A169_PattonIII_120;ventilation;aimingStabilizer;rammer;10.84
usa:A169_PattonIII_120;modernizedTurbochargerRotationMechanism;rammer;coatedOptics;7.32
usa:A172_M4A3E8_Sherman_BPXIV;aimingStabilizer;coatedOptics;rammer;16.47
usa:A172_M4A3E8_Sherman_BPXIV;ventilation;rammer;coatedOptics;14.55
usa:A172_M4A3E8_Sherman_BPXIV;ventilation;aimingStabilizer;rammer;12.85
usa:A18_M41;rammer;rotationMechanism;enhancedAimDrives;72.58
usa:A18_M41;rammer;enhancedAimDrives;camouflageNet;10
usa:A18_M41;rammer;turbocharger;enhancedAimDrives;10
usa:A21_T14;rotationMechanism;rammer;ventilation;30.53
usa:A23_M7_med;coatedOptics;aimingStabilizer;rammer;85.23
usa:A30_M10_Wolverine;stereoscope;modernizedTurbochargerRotationMechanism;rammer;21.16
usa:A30_M10_Wolverine;coatedOptics;rammer;camouflageNet;11.75
usa:A30_M10_Wolverine;improvedSights;rammer;stereoscope;10.38
usa:A31_M36_Slagger;enhancedAimDrives;rammer;camouflageNet;33.02
usa:A31_M36_Slagger;rammer;camouflageNet;stereoscope;16.65
usa:A31_M36_Slagger;rammer;turbocharger;coatedOptics;12.42
usa:A32_M12;rammer;rotationMechanism;enhancedAimDrives;74.89
usa:A32_M12;rammer;turbocharger;enhancedAimDrives;13.28
usa:A32_M12;rammer;modernizedTurbochargerRotationMechanism;enhancedAimDrives;5.09
usa:A34_M24_Chaffee;ventilation;coatedOptics;stereoscope;20.56
usa:A34_M24_Chaffee;coatedOptics;additInvisibilityDevice;ventilation;18.35
usa:A34_M24_Chaffee;coatedOptics;turbocharger;rammer;12.1
usa:A35_Pershing;turbocharger;aimingStabilizer;rammer;30.04
usa:A35_Pershing;coatedOptics;turbocharger;additInvisibilityDevice;10.9
usa:A35_Pershing;ventilation;aimingStabilizer;coatedOptics;7.6
usa:A36_Sherman_Jumbo;coatedOptics;modernizedTurbochargerRotationMechanism;additInvisibilityDevice;16.72
usa:A36_Sherman_Jumbo;ventilation;rammer;coatedOptics;16.41
usa:A36_Sherman_Jumbo;turbocharger;aimingStabilizer;rammer;14.55
usa:A37_M40M43;rammer;rotationMechanism;enhancedAimDrives;75.3
usa:A37_M40M43;rammer;turbocharger;enhancedAimDrives;13.09
usa:A37_M40M43;enhancedAimDrives;rammer;camouflageNet;4.59
usa:A38_T92;rammer;rotationMechanism;enhancedAimDrives;71.83
usa:A38_T92;rammer;turbocharger;enhancedAimDrives;13.06
usa:A38_T92;rammer;modernizedTurbochargerRotationMechanism;enhancedAimDrives;7.92
usa:A39_T28;rammer;turbocharger;healthReserve;23.4
usa:A39_T28;rammer;turbocharger;rotationMechanism;15.77
usa:A39_T28;ventilation;modernizedTurbochargerRotationMechanism;coatedOptics;10.05
usa:A40_T95;rammer;turbocharger;healthReserve;27.93
usa:A40_T95;rammer;modernizedTurbochargerRotationMechanism;healthReserve;8.55
usa:A40_T95;rammer;modernizedExtraHealthReserveAntifragmentationLining;turbocharger;5.91
usa:A41_M18_Hellcat;rammer;camouflageNet;stereoscope;12
usa:A41_M18_Hellcat;improvedSights;rammer;coatedOptics;11.6
usa:A41_M18_Hellcat;rammer;modernizedTurbochargerRotationMechanism;coatedOptics;11.25
usa:A45_M6A2E1;rammer;turbocharger;aimingStabilizer;23.18
usa:A45_M6A2E1;healthReserve;aimingStabilizer;rammer;21.52
usa:A45_M6A2E1;healthReserve;modernizedTurbochargerRotationMechanism;aimingStabilizer;16.21
usa:A57_M8A1;additInvisibilityDevice;turbocharger;stereoscope;52.55
usa:A57_M8A1;coatedOptics;turbocharger;additInvisibilityDevice;9.25
usa:A57_M8A1;turbocharger;enhancedAimDrives;coatedOptics;7.79
usa:A58_T67;rammer;camouflageNet;stereoscope;29.86
usa:A58_T67;additInvisibilityDevice;stereoscope;rammer;15.99
usa:A58_T67;improvedSights;rammer;stereoscope;13.57
usa:A63_M46_Patton;ventilation;aimingStabilizer;rammer;19.05
usa:A63_M46_Patton;turbocharger;aimingStabilizer;rammer;18.36
usa:A63_M46_Patton;ventilation;commandersView;rammer;10.24
usa:A63_M46_Patton_KR;turbocharger;additInvisibilityDevice;rammer;41.67
usa:A63_M46_Patton_KR;turbocharger;rammer;ventilation;19.44
usa:A64_T25_AT;ventilation;additInvisibilityDevice;coatedOptics;7.57
usa:A64_T25_AT;ventilation;rammer;coatedOptics;6.17
usa:A64_T25_AT;rammer;turbocharger;healthReserve;5.94
usa:A66_M103;healthReserve;aimingStabilizer;rammer;31.19
usa:A66_M103;turbocharger;aimingStabilizer;rammer;12.2
usa:A66_M103;healthReserve;turbocharger;rammer;9.52
usa:A67_T57_58;healthReserve;modernizedTurbochargerRotationMechanism;aimingStabilizer;18.88
usa:A67_T57_58;healthReserve;turbocharger;aimingStabilizer;13.3
usa:A67_T57_58;ventilation;turbocharger;aimingStabilizer;7.7
usa:A68_T28_Prototype;rammer;turbocharger;healthReserve;17.78
usa:A68_T28_Prototype;rammer;improvedSights;ventilation;10.69
usa:A68_T28_Prototype;ventilation;turbocharger;rammer;9.27
usa:A69_T110E5;healthReserve;turbocharger;rammer;30.39
usa:A69_T110E5;modernizedExtraHealthReserveAntifragmentationLining;modernizedTurbochargerRotationMechanism;rammer;15.26
usa:A69_T110E5;healthReserve;modernizedTurbochargerRotationMechanism;rammer;13.94
usa:A71_T21;additInvisibilityDevice;ventilation;coatedOptics;41.84
usa:A71_T21;coatedOptics;additInvisibilityDevice;rammer;17.93
usa:A71_T21;coatedOptics;rammer;ventilation;9.2
usa:A72_T25_2;rammer;rotationMechanism;coatedOptics;16.37
usa:A72_T25_2;improvedSights;rammer;coatedOptics;12.99
usa:A72_T25_2;rammer;additInvisibilityDevice;coatedOptics;10.85
usa:A80_T26_E4_SuperPershing;turbocharger;aimingStabilizer;rammer;24.06
usa:A80_T26_E4_SuperPershing;turbocharger;coatedOptics;rammer;14.45
usa:A80_T26_E4_SuperPershing;turbocharger;rammer;ventilation;13.2
usa:A83_T110E4;rammer;modernizedTurbochargerRotationMechanism;improvedSights;11.23
usa:A83_T110E4;rotationMechanism;modernizedTurbochargerRotationMechanism;rammer;9.27
usa:A83_T110E4;rammer;turbocharger;rotationMechanism;8.93
usa:A85_T110E3;rammer;turbocharger;healthReserve;33.93
usa:A85_T110E3;rammer;turbocharger;rotationMechanism;12.63
usa:A85_T110E3;rammer;modernizedTurbochargerRotationMechanism;healthReserve;11.66
usa:A87_M44;rammer;rotationMechanism;enhancedAimDrives;78.32
usa:A87_M44;rammer;turbocharger;enhancedAimDrives;11.78
usa:A87_M44;rammer;enhancedAimDrives;camouflageNet;4.84
usa:A88_M53_55;rammer;enhancedAimDrives;ventilation;56
usa:A88_M53_55;rammer;rotationMechanism;enhancedAimDrives;22.46
usa:A88_M53_55;rammer;rotationMechanism;ventilation;15.97
usa:A89_T54E1;healthReserve;turbocharger;aimingStabilizer;21.99
usa:A89_T54E1;ventilation;turbocharger;aimingStabilizer;11.36
usa:A89_T54E1;ventilation;aimingStabilizer;enhancedAimDrives;10.22
usa:A90_T69;ventilation;improvedSights;aimingStabilizer;15.76
usa:A90_T69;turbocharger;aimingStabilizer;ventilation;14.92
usa:A90_T69;ventilation;aimingStabilizer;coatedOptics;12.61
usa:A92_M60;ventilation;aimingStabilizer;rammer;24.67
usa:A92_M60;healthReserve;ventilation;rammer;11.79
usa:A92_M60;ventilation;additInvisibilityDevice;rammer;8.06
usa:A94_T37;coatedOptics;additInvisibilityDevice;ventilation;32.7
usa:A94_T37;coatedOptics;ventilation;stereoscope;12.26
usa:A94_T37;coatedOptics;aimingStabilizer;rammer;10.38
usa:A95_T95_E6;rammer;healthReserve;aimingStabilizer;33.21
usa:A95_T95_E6;ventilation;aimingStabilizer;rammer;23.09
usa:A95_T95_E6;modernizedExtraHealthReserveAntifragmentationLining;aimingStabilizer;rammer;5.28
usa:A97_M41_Bulldog;commandersView;additInvisibilityDevice;coatedOptics;51.22
usa:A97_M41_Bulldog;coatedOptics;additInvisibilityDevice;ventilation;25.96
usa:A97_M41_Bulldog;commandersView;additInvisibilityDevice;ventilation;8.19
usa:A99_T92_LT;commandersView;additInvisibilityDevice;coatedOptics;77.12
usa:A99_T92_LT;coatedOptics;turbocharger;additInvisibilityDevice;5.43
usa:A99_T92_LT;additInvisibilityDevice;turbocharger;stereoscope;4.02
ussr:R01_IS;healthReserve;rammer;ventilation;12.02
ussr:R01_IS;ventilation;improvedSights;rammer;10.31
ussr:R01_IS;healthReserve;turbocharger;rammer;9.53
ussr:R02_SU-85;ventilation;rammer;stereoscope;31.38
ussr:R04_T-34;ventilation;rammer;coatedOptics;22.94
ussr:R04_T-34;ventilation;enhancedAimDrives;rammer;14.69
ussr:R04_T-34;rammer;rotationMechanism;enhancedAimDrives;8.98
ussr:R06_T-28;additInvisibilityDevice;stereoscope;ventilation;23.83
ussr:R06_T-28;ventilation;enhancedAimDrives;stereoscope;19.8
ussr:R06_T-28;ventilation;stereoscope;coatedOptics;12.42
ussr:R07_T-34-85;ventilation;rammer;coatedOptics;43.19
ussr:R07_T-34-85;turbocharger;rammer;coatedOptics;7.14
ussr:R07_T-34-85;turbocharger;enhancedAimDrives;rammer;5.08
ussr:R101_MT25;ventilation;additInvisibilityDevice;coatedOptics;51.57
ussr:R101_MT25;coatedOptics;rammer;ventilation;11.74
ussr:R101_MT25;additInvisibilityDevice;turbocharger;coatedOptics;9.92
ussr:R104_Object_430_II;ventilation;aimingStabilizer;rammer;23.65
ussr:R104_Object_430_II;coatedOptics;aimingStabilizer;rammer;10.3
ussr:R104_Object_430_II;ventilation;rammer;coatedOptics;8.6
ussr:R106_KV85;ventilation;modernizedTurbochargerRotationMechanism;rammer;28.06
ussr:R106_KV85;healthReserve;turbocharger;rammer;22.45
ussr:R106_KV85;healthReserve;rammer;ventilation;12.07
ussr:R107_LTB;commandersView;additInvisibilityDevice;coatedOptics;76.76
ussr:R107_LTB;coatedOptics;rammer;ventilation;8.05
ussr:R107_LTB;coatedOptics;commandersView;ventilation;5.22
ussr:R108_T34_85M;ventilation;coatedOptics;rammer;37.61
ussr:R108_T34_85M;turbocharger;coatedOptics;ventilation;9.2
ussr:R108_T34_85M;turbocharger;rammer;coatedOptics;8.05
ussr:R109_T54S;commandersView;additInvisibilityDevice;coatedOptics;68.42
ussr:R109_T54S;commandersView;additInvisibilityDevice;ventilation;9.94
ussr:R109_T54S;stereoscope;rammer;ventilation;4.52
ussr:R110_Object_260;healthReserve;aimingStabilizer;rammer;21.16
ussr:R110_Object_260;healthReserve;turbocharger;rammer;20.47
ussr:R110_Object_260;modernizedExtraHealthReserveAntifragmentationLining;turbocharger;rammer;10.58
ussr:R111_ISU130;rammer;turbocharger;ventilation;24.45
ussr:R111_ISU130;rammer;ventilation;coatedOptics;23.43
ussr:R111_ISU130;improvedSights;rammer;ventilation;12.71
ussr:R112_T54_45;turbocharger;aimingStabilizer;rammer;16.74
ussr:R112_T54_45;ventilation;aimingStabilizer;rammer;15.28
ussr:R112_T54_45;turbocharger;rammer;coatedOptics;13.27
ussr:R113_Object_730;rammer;turbocharger;aimingStabilizer;17.26
ussr:R113_Object_730;healthReserve;aimingStabilizer;rammer;14.86
ussr:R113_Object_730;modernizedTurbochargerRotationMechanism;aimingStabilizer;rammer;14.08
ussr:R114_Object_244;healthReserve;turbocharger;rammer;24.39
ussr:R114_Object_244;ventilation;rotationMechanism;rammer;18.29
ussr:R114_Object_244;healthReserve;improvedSights;rammer;15.04
ussr:R115_IS-3_auto;ventilation;improvedSights;aimingStabilizer;23.6
ussr:R115_IS-3_auto;healthReserve;turbocharger;aimingStabilizer;9.21
ussr:R115_IS-3_auto;ventilation;aimingStabilizer;enhancedAimDrives;7.54
ussr:R115_IS-3_auto_S;ventilation;improvedSights;aimingStabilizer;12.29
ussr:R115_IS-3_auto_S;modernizedAimDrivesAimingStabilizer;improvedSights;aimingStabilizer;10.98
ussr:R115_IS-3_auto_S;modernizedExtraHealthReserveAntifragmentationLining;modernizedImprovedSightsEnhancedAimDrives;aimingStabilizer;10.82
ussr:R116_ISU122C_Berlin;turbocharger;improvedSights;rammer;33.33
ussr:R116_ISU122C_Berlin;rammer;improvedSights;ventilation;24.46
ussr:R116_ISU122C_Berlin;rammer;turbocharger;coatedOptics;13.71
ussr:R117_T34_85_Rudy;ventilation;rammer;coatedOptics;58.72
ussr:R117_T34_85_Rudy;rotationMechanism;rammer;ventilation;11.44
ussr:R117_T34_85_Rudy;rotationMechanism;rammer;coatedOptics;10.37
ussr:R118_T28_F30;coatedOptics;turbocharger;enhancedAimDrives;30.5
ussr:R118_T28_F30;ventilation;enhancedAimDrives;coatedOptics;23
ussr:R119_Object_777;healthReserve;aimingStabilizer;rammer;22.06
ussr:R119_Object_777;aimingStabilizer;turbocharger;rammer;21.15
ussr:R119_Object_777;modernizedTurbochargerRotationMechanism;rammer;aimingStabilizer;11.46
ussr:R120_T22SR_A22;ventilation;aimingStabilizer;rammer;30.31
ussr:R120_T22SR_A22;turbocharger;aimingStabilizer;rammer;17.12
ussr:R120_T22SR_A22;healthReserve;aimingStabilizer;rammer;16.18
ussr:R121_KV4_KTT;rammer;turbocharger;healthReserve;25.59
ussr:R121_KV4_KTT;rammer;turbocharger;ventilation;21.47
ussr:R121_KV4_KTT;rammer;healthReserve;ventilation;15.59
ussr:R122_T44_100;ventilation;aimingStabilizer;rammer;19.61
ussr:R122_T44_100;rammer;aimingStabilizer;coatedOptics;17.47
ussr:R122_T44_100;turbocharger;aimingStabilizer;rammer;11.69
ussr:R123_Kirovets_1;ventilation;aimingStabilizer;rammer;19.13
ussr:R123_Kirovets_1;healthReserve;aimingStabilizer;rammer;19.13
ussr:R123_Kirovets_1;aimingStabilizer;improvedSights;rammer;14.8
ussr:R126_Object_730_5;rammer;improvedSights;ventilation;12.19
ussr:R126_Object_730_5;rotationMechanism;rammer;ventilation;7.97
ussr:R126_Object_730_5;rammer;modernizedTurbochargerRotationMechanism;rotationMechanism;7.58
ussr:R127_T44_100_I;turbocharger;commandersView;coatedOptics;30.21
ussr:R127_T44_100_I;rammer;ventilation;coatedOptics;20.85
ussr:R127_T44_100_I;rammer;coatedOptics;aimingStabilizer;13.62
ussr:R128_KV4_Kreslavskiy;turbocharger;aimingStabilizer;rammer;39.33
ussr:R128_KV4_Kreslavskiy;healthReserve;aimingStabilizer;rammer;13.43
ussr:R128_KV4_Kreslavskiy;turbocharger;ventilation;rammer;8.87
ussr:R12_A-20;coatedOptics;additInvisibilityDevice;ventilation;32.49
ussr:R12_A-20;rammer;coatedOptics;stereoscope;17.35
ussr:R12_A-20;coatedOptics;turbocharger;additInvisibilityDevice;12.3
ussr:R131_Tank_Gavalov;coatedOptics;additInvisibilityDevice;ventilation;46.89
ussr:R131_Tank_Gavalov;coatedOptics;modernizedTurbochargerRotationMechanism;additInvisibilityDevice;19.03
ussr:R131_Tank_Gavalov;coatedOptics;turbocharger;additInvisibilityDevice;11.63
ussr:R132_VNII_100LT;commandersView;additInvisibilityDevice;coatedOptics;74.2
ussr:R132_VNII_100LT;commandersView;ventilation;stereoscope;8.01
ussr:R132_VNII_100LT;commandersView;coatedOptics;ventilation;3.37
ussr:R133_KV_122;ventilation;rotationMechanism;rammer;36.42
ussr:R133_KV_122;ventilation;enhancedAimDrives;rammer;27.16
ussr:R134_Object_252K;ventilation;aimingStabilizer;rammer;36.84
ussr:R134_Object_252K;healthReserve;aimingStabilizer;rammer;15.71
ussr:R134_Object_252K;turbocharger;aimingStabilizer;rammer;14.41
ussr:R134_Object_252U;healthReserve;aimingStabilizer;rammer;20.15
ussr:R134_Object_252U;ventilation;aimingStabilizer;rammer;15.62
ussr:R134_Object_252U;modernizedExtraHealthReserveAntifragmentationLining;aimingStabilizer;rammer;12.38
ussr:R135_T_103;improvedSights;rammer;ventilation;10.63
ussr:R135_T_103;rammer;modernizedTurbochargerRotationMechanism;improvedSights;10.09
ussr:R135_T_103;rammer;rotationMechanism;ventilation;9.18
ussr:R139_IS_M;healthReserve;aimingStabilizer;rammer;38.55
ussr:R139_IS_M;rammer;turbocharger;aimingStabilizer;19.44
ussr:R139_IS_M;healthReserve;enhancedAimDrives;ventilation;6.26
ussr:R13_KV-1s;healthReserve;rammer;ventilation;17.34
ussr:R13_KV-1s;healthReserve;turbocharger;rammer;17.2
ussr:R13_KV-1s;ventilation;rotationMechanism;enhancedAimDrives;9.54
ussr:R140_M4_Loza;ventilation;aimingStabilizer;rammer;31.33
ussr:R140_M4_Loza;turbocharger;aimingStabilizer;coatedOptics;21.33
ussr:R144_K_91;ventilation;aimingStabilizer;rammer;19.15
ussr:R144_K_91;ventilation;improvedSights;rammer;8.16
ussr:R144_K_91;turbocharger;rammer;ventilation;7.36
ussr:R145_Object_705_A;healthReserve;aimingStabilizer;rammer;26.39
ussr:R145_Object_705_A;healthReserve;turbocharger;rammer;6.59
ussr:R145_Object_705_A;modernizedExtraHealthReserveAntifragmentationLining;aimingStabilizer;rammer;5.58
ussr:R146_STG;ventilation;aimingStabilizer;rammer;34.78
ussr:R146_STG;additInvisibilityDevice;commandersView;coatedOptics;27.21
ussr:R146_STG;coatedOptics;aimingStabilizer;rammer;10.94
ussr:R146_STG_Tday;ventilation;rammer;coatedOptics;18.8
ussr:R146_STG_Tday;rammer;improvedSights;aimingStabilizer;17.63
ussr:R146_STG_Tday;ventilation;aimingStabilizer;rammer;10.52
ussr:R148_Object_430_U;ventilation;aimingStabilizer;rammer;18.62
ussr:R148_Object_430_U;turbocharger;aimingStabilizer;rammer;17.81
ussr:R148_Object_430_U;aimingStabilizer;modernizedExtraHealthReserveAntifragmentationLining;rammer;10.1
ussr:R149_Object_268_4;rammer;turbocharger;healthReserve;30.39
ussr:R149_Object_268_4;rammer;modernizedTurbochargerRotationMechanism;healthReserve;13.59
ussr:R149_Object_268_4;modernizedTurbochargerRotationMechanism;rotationMechanism;rammer;7.36
ussr:R151_Object_257_2;healthReserve;aimingStabilizer;rammer;29.59
ussr:R151_Object_257_2;turbocharger;aimingStabilizer;rammer;13.38
ussr:R151_Object_257_2;ventilation;aimingStabilizer;rammer;12.26
ussr:R152_KV2_W;ventilation;improvedSights;rammer;14.52
ussr:R152_KV2_W;ventilation;rotationMechanism;rammer;9.74
ussr:R152_KV2_W;ventilation;enhancedAimDrives;rammer;9.65
ussr:R153_Object_705;healthReserve;aimingStabilizer;rammer;44.44
ussr:R153_Object_705;healthReserve;turbocharger;rammer;8.59
ussr:R153_Object_705;ventilation;aimingStabilizer;rammer;8.49
ussr:R154_T_34E_1943;ventilation;rammer;coatedOptics;19.69
ussr:R154_T_34E_1943;ventilation;turbocharger;coatedOptics;12.48
ussr:R154_T_34E_1943;ventilation;additInvisibilityDevice;stereoscope;12.28
ussr:R155_Object_277;healthReserve;aimingStabilizer;rammer;33.29
ussr:R155_Object_277;aimingStabilizer;turbocharger;rammer;14.31
ussr:R155_Object_277;healthReserve;turbocharger;rammer;12.22
ussr:R156_IS_2M;ventilation;rotationMechanism;rammer;18.01
ussr:R156_IS_2M;ventilation;improvedSights;rammer;8.59
ussr:R156_IS_2M;modernizedTurbochargerRotationMechanism;rotationMechanism;rammer;7.14
ussr:R157_Object_279R;modernizedExtraHealthReserveAntifragmentationLining;modernizedTurbochargerRotationMechanism;rammer;17.5
ussr:R157_Object_279R;modernizedExtraHealthReserveAntifragmentationLining;turbocharger;rammer;16.83
ussr:R157_Object_279R;healthReserve;turbocharger;rammer;16.36
ussr:R158_LT_432;commandersView;additInvisibilityDevice;coatedOptics;73.6
ussr:R158_LT_432;commandersView;coatedOptics;ventilation;6.05
ussr:R158_LT_432;commandersView;turbocharger;coatedOptics;3.32
ussr:R159_SU_130PM;improvedSights;rammer;coatedOptics;14.15
ussr:R159_SU_130PM;improvedSights;rotationMechanism;rammer;8.29
ussr:R159_SU_130PM;rammer;improvedSights;stereoscope;8.22
ussr:R159_SU_130PM_DR;rammer;improvedSights;coatedOptics;24.6
ussr:R159_SU_130PM_DR;improvedSights;rotationMechanism;rammer;7.63
ussr:R159_SU_130PM_DR;rammer;improvedSights;stereoscope;7.26
ussr:R15_S-51;rammer;rotationMechanism;enhancedAimDrives;82.7
ussr:R15_S-51;rammer;turbocharger;enhancedAimDrives;7.97
ussr:R15_S-51;rammer;modernizedTurbochargerRotationMechanism;enhancedAimDrives;3.72
ussr:R160_T_50_2;coatedOptics;additInvisibilityDevice;ventilation;27.41
ussr:R160_T_50_2;coatedOptics;rammer;ventilation;14.47
ussr:R160_T_50_2;coatedOptics;turbocharger;additInvisibilityDevice;13.01
ussr:R165_Object_703_II;healthReserve;turbocharger;aimingStabilizer;12.96
ussr:R165_Object_703_II;ventilation;improvedSights;aimingStabilizer;11
ussr:R165_Object_703_II;ventilation;turbocharger;aimingStabilizer;7.91
ussr:R169_ST_II;healthReserve;improvedSights;turbocharger;12.36
ussr:R169_ST_II;healthReserve;aimingStabilizer;ventilation;8.01
ussr:R169_ST_II;healthReserve;turbocharger;aimingStabilizer;7.83
ussr:R170_IS_2_II;healthReserve;turbocharger;aimingStabilizer;35.44
ussr:R170_IS_2_II;healthReserve;aimingStabilizer;ventilation;8.53
ussr:R170_IS_2_II;healthReserve;turbocharger;ventilation;6.06
ussr:R171_IS_3_II;healthReserve;turbocharger;aimingStabilizer;31.98
ussr:R171_IS_3_II;healthReserve;improvedSights;aimingStabilizer;9.09
ussr:R171_IS_3_II;ventilation;turbocharger;aimingStabilizer;8.61
ussr:R172_Object_752;healthReserve;turbocharger;aimingStabilizer;13.39
ussr:R172_Object_752;modernizedTurbochargerRotationMechanism;modernizedAimDrivesAimingStabilizer;aimingStabilizer;10.18
ussr:R172_Object_752;healthReserve;modernizedTurbochargerRotationMechanism;aimingStabilizer;7.56
ussr:R175_IS_2_screen;healthReserve;rotationMechanism;rammer;15.43
ussr:R175_IS_2_screen;ventilation;rotationMechanism;rammer;12.97
ussr:R175_IS_2_screen;improvedSights;rammer;enhancedAimDrives;12.42
ussr:R177_ISU_152K_BL10;rammer;improvedSights;ventilation;11.09
ussr:R177_ISU_152K_BL10;rotationMechanism;improvedSights;rammer;8.66
ussr:R177_ISU_152K_BL10;rotationMechanism;modernizedTurbochargerRotationMechanism;ventilation;4.61
ussr:R178_Object_780;modernizedExtraHealthReserveAntifragmentationLining;aimingStabilizer;rammer;25.45
ussr:R178_Object_780;modernizedExtraHealthReserveAntifragmentationLining;modernizedTurbochargerRotationMechanism;rammer;18.03
ussr:R178_Object_780;modernizedExtraHealthReserveAntifragmentationLining;turbocharger;rammer;12.93
ussr:R17_SU-100;ventilation;enhancedAimDrives;coatedOptics;25.66
ussr:R17_SU-100;ventilation;modernizedTurbochargerRotationMechanism;rammer;11.03
ussr:R17_SU-100;rammer;turbocharger;stereoscope;9.11
ussr:R180_Object_274_A;ventilation;aimingStabilizer;rammer;27.55
ussr:R180_Object_274_A;turbocharger;aimingStabilizer;rammer;12.98
ussr:R180_Object_274_A;modernizedTurbochargerRotationMechanism;aimingStabilizer;rammer;8.57
ussr:R183_K_91_PT;rammer;improvedSights;ventilation;30.94
ussr:R183_K_91_PT;modernizedTurbochargerRotationMechanism;modernizedImprovedSightsEnhancedAimDrives;rammer;7.18
ussr:R183_K_91_PT;ventilation;enhancedAimDrives;rammer;5.71
ussr:R187_Object_590;modernizedTurbochargerRotationMechanism;aimingStabilizer;ventilation;17.09
ussr:R187_Object_590;ventilation;improvedSights;aimingStabilizer;16.74
ussr:R187_Object_590;modernizedTurbochargerRotationMechanism;modernizedAimDrivesAimingStabilizer;aimingStabilizer;8.89
ussr:R188_Object_259A_CN;healthReserve;aimingStabilizer;rammer;29.03
ussr:R188_Object_259A_CN;healthReserve;turbocharger;grousers;10.52
ussr:R188_Object_259A_CN;turbocharger;aimingStabilizer;rammer;6.87
ussr:R18_SU-152;ventilation;modernizedTurbochargerRotationMechanism;rammer;8.71
ussr:R18_SU-152;ventilation;enhancedAimDrives;rammer;7.75
ussr:R18_SU-152;ventilation;improvedSights;rammer;7.09
ussr:R191_Object_283;ventilation;aimingStabilizer;rammer;43.07
ussr:R191_Object_283;additInvisibilityDevice;commandersView;coatedOptics;30.66
ussr:R192_K_2;rammer;turbocharger;aimingStabilizer;20.98
ussr:R192_K_2;healthReserve;turbocharger;rammer;15.48
ussr:R192_K_2;healthReserve;aimingStabilizer;rammer;14.83
ussr:R194_ST_62_var_2;modernizedTurbochargerRotationMechanism;aimingStabilizer;ventilation;19.87
ussr:R194_ST_62_var_2;turbocharger;aimingStabilizer;ventilation;18.96
ussr:R194_ST_62_var_2;healthReserve;aimingStabilizer;ventilation;10.7
ussr:R196_Object_452K;modernizedExtraHealthReserveAntifragmentationLining;aimingStabilizer;rammer;21.8
ussr:R196_Object_452K;turbocharger;aimingStabilizer;rammer;14.67
ussr:R196_Object_452K;healthReserve;aimingStabilizer;rammer;13.38
ussr:R197_KV_1S_MZ;ventilation;healthReserve;turbocharger;17.81
ussr:R197_KV_1S_MZ;coatedOptics;rotationMechanism;enhancedAimDrives;12.06
ussr:R197_KV_1S_MZ;improvedSights;healthReserve;ventilation;9.24
ussr:R19_IS-3;healthReserve;aimingStabilizer;rammer;25.47
ussr:R19_IS-3;ventilation;aimingStabilizer;rammer;12.32
ussr:R19_IS-3;turbocharger;aimingStabilizer;rammer;12.04
ussr:R202_SU_2_122;modernizedTurbochargerRotationMechanism;rotationMechanism;coatedOptics;17.93
ussr:R202_SU_2_122;rammer;improvedSights;rotationMechanism;8.31
ussr:R202_SU_2_122;rammer;improvedSights;turbocharger;7.58
ussr:R204_ISU_122_2;improvedSights;turbocharger;ventilation;17.28
ussr:R204_ISU_122_2;improvedSights;modernizedTurbochargerRotationMechanism;ventilation;12.28
ussr:R204_ISU_122_2;rotationMechanism;turbocharger;ventilation;7.16
ussr:R205_Tank_Rozanova_Obsidian;turbocharger;aimingStabilizer;rammer;22.59
ussr:R205_Tank_Rozanova_Obsidian;turbocharger;rammer;ventilation;18.58
ussr:R205_Tank_Rozanova_Obsidian;turbocharger;healthReserve;rammer;12.48
ussr:R20_T-44;ventilation;aimingStabilizer;rammer;19.85
ussr:R20_T-44;turbocharger;aimingStabilizer;rammer;12.66
ussr:R20_T-44;rammer;aimingStabilizer;coatedOptics;12.39
ussr:R225_SU_100i;ventilation;improvedSights;coatedOptics;8.61
ussr:R225_SU_100i;ventilation;rammer;coatedOptics;8.48
ussr:R225_SU_100i;rotationMechanism;modernizedImprovedSightsEnhancedAimDrives;rammer;5.86
ussr:R22_T-46;stereoscope;ventilation;;98.75
ussr:R23_T-43;ventilation;rammer;coatedOptics;61.84
ussr:R23_T-43;turbocharger;rammer;coatedOptics;12.65
ussr:R23_T-43;coatedOptics;modernizedImprovedSightsEnhancedAimDrives;modernizedTurbochargerRotationMechanism;4.72
ussr:R26_SU-8;rammer;rotationMechanism;enhancedAimDrives;84.89
ussr:R26_SU-8;rammer;modernizedTurbochargerRotationMechanism;enhancedAimDrives;5.4
ussr:R26_SU-8;rammer;enhancedAimDrives;camouflageNet;4.68
ussr:R27_SU-14;rammer;enhancedAimDrives;ventilation;48.97
ussr:R27_SU-14;enhancedAimDrives;rotationMechanism;rammer;28.54
ussr:R27_SU-14;rammer;rotationMechanism;ventilation;14.6
ussr:R33_Churchill_LL;healthReserve;rammer;ventilation;17.48
ussr:R33_Churchill_LL;turbocharger;healthReserve;rammer;14.15
ussr:R33_Churchill_LL;ventilation;turbocharger;rammer;13.11
ussr:R38_KV-220;healthReserve;turbocharger;rammer;25.24
ussr:R38_KV-220;healthReserve;rammer;ventilation;21.7
ussr:R38_KV-220;rammer;turbocharger;ventilation;15.57
ussr:R39_KV-3;healthReserve;turbocharger;rammer;20.1
ussr:R39_KV-3;healthReserve;rotationMechanism;rammer;8.77
ussr:R39_KV-3;ventilation;improvedSights;rammer;6.58
ussr:R40_T-54;ventilation;aimingStabilizer;rammer;22.09
ussr:R40_T-54;turbocharger;aimingStabilizer;rammer;14.57
ussr:R40_T-54;ventilation;rammer;coatedOptics;12.93
ussr:R41_T-50;coatedOptics;additInvisibilityDevice;ventilation;32.8
ussr:R41_T-50;rammer;coatedOptics;stereoscope;30.42
ussr:R41_T-50;coatedOptics;turbocharger;additInvisibilityDevice;17.72
ussr:R45_IS-7;healthReserve;turbocharger;grousers;19.95
ussr:R45_IS-7;healthReserve;turbocharger;rammer;17.29
ussr:R45_IS-7;healthReserve;aimingStabilizer;rammer;12.63
ussr:R46_KV-13;ventilation;additInvisibilityDevice;coatedOptics;50.89
ussr:R46_KV-13;ventilation;rammer;coatedOptics;23.08
ussr:R47_ISU-152;improvedSights;rammer;ventilation;14.44
ussr:R47_ISU-152;improvedSights;enhancedAimDrives;rammer;9.42
ussr:R47_ISU-152;rammer;enhancedAimDrives;ventilation;7.64
ussr:R49_SU100Y;ventilation;enhancedAimDrives;stereoscope;18.78
ussr:R49_SU100Y;enhancedAimDrives;improvedSights;stereoscope;8.22
ussr:R49_SU100Y;rammer;improvedSights;stereoscope;7.98
ussr:R51_Object_212;enhancedAimDrives;rammer;ventilation;59.83
ussr:R51_Object_212;enhancedAimDrives;rotationMechanism;rammer;16.76
ussr:R51_Object_212;ventilation;rotationMechanism;rammer;15.2
ussr:R52_Object_261;rammer;rotationMechanism;enhancedAimDrives;75.97
ussr:R52_Object_261;rammer;turbocharger;enhancedAimDrives;7.64
ussr:R52_Object_261;enhancedAimDrives;modernizedTurbochargerRotationMechanism;rammer;7.21
ussr:R53_Object_704;rammer;turbocharger;coatedOptics;11.56
ussr:R53_Object_704;improvedSights;turbocharger;rammer;8.88
ussr:R53_Object_704;improvedSights;rammer;ventilation;6.96
ussr:R54_KV-5;healthReserve;turbocharger;rammer;27.46
ussr:R54_KV-5;healthReserve;turbocharger;grousers;11.77
ussr:R54_KV-5;healthReserve;aimingStabilizer;rammer;11.36
ussr:R57_A43;ventilation;rammer;coatedOptics;27.62
ussr:R57_A43;turbocharger;rammer;coatedOptics;21.53
ussr:R57_A43;turbocharger;rotationMechanism;rammer;7.54
ussr:R58_SU-101;modernizedTurbochargerRotationMechanism;coatedOptics;ventilation;31.34
ussr:R58_SU-101;rammer;healthReserve;ventilation;7.69
ussr:R58_SU-101;rammer;ventilation;coatedOptics;6.1
ussr:R59_A44;turbocharger;rotationMechanism;rammer;23.73
ussr:R59_A44;turbocharger;rammer;coatedOptics;16.75
ussr:R59_A44;improvedSights;coatedOptics;ventilation;7.8
ussr:R60_Object416;ventilation;aimingStabilizer;rammer;23.8
ussr:R60_Object416;additInvisibilityDevice;commandersView;coatedOptics;13.41
ussr:R60_Object416;ventilation;rammer;coatedOptics;11.44
ussr:R61_Object252;healthReserve;aimingStabilizer;rammer;23.26
ussr:R61_Object252;ventilation;aimingStabilizer;rammer;9.89
ussr:R61_Object252;healthReserve;improvedSights;aimingStabilizer;8.56
ussr:R61_Object252_BF;ventilation;aimingStabilizer;rammer;26.71
ussr:R61_Object252_BF;aimingStabilizer;turbocharger;rammer;15.45
ussr:R61_Object252_BF;healthReserve;ventilation;rammer;12.58
ussr:R63_ST_I;healthReserve;aimingStabilizer;rammer;45.38
ussr:R63_ST_I;ventilation;aimingStabilizer;rammer;12.8
ussr:R63_ST_I;turbocharger;aimingStabilizer;rammer;10.99
ussr:R71_IS_2B;ventilation;rotationMechanism;rammer;40.63
ussr:R72_T150;healthReserve;improvedSights;rammer;14.26
ussr:R72_T150;healthReserve;rotationMechanism;rammer;11.62
ussr:R72_T150;ventilation;rammer;coatedOptics;11.23
ussr:R73_KV4;healthReserve;turbocharger;rammer;26.83
ussr:R73_KV4;ventilation;improvedSights;rammer;11.62
ussr:R73_KV4;healthReserve;aimingStabilizer;rammer;9.69
ussr:R74_SU100M1;ventilation;rammer;stereoscope;26.52
ussr:R74_SU100M1;rammer;turbocharger;healthReserve;11.15
ussr:R74_SU100M1;improvedSights;rotationMechanism;rammer;6.37
ussr:R77_KV2;ventilation;improvedSights;rammer;13.8
ussr:R77_KV2;ventilation;enhancedAimDrives;rammer;9.2
ussr:R77_KV2;enhancedAimDrives;improvedSights;rammer;8.59
ussr:R78_SU_85I;rammer;modernizedImprovedSightsEnhancedAimDrives;rotationMechanism;20.75
ussr:R78_SU_85I;coatedOptics;improvedSights;ventilation;18.87
ussr:R80_KV1;ventilation;rammer;coatedOptics;15.21
ussr:R80_KV1;healthReserve;turbocharger;rammer;12.02
ussr:R80_KV1;rammer;healthReserve;ventilation;10.69
ussr:R81_IS8;healthReserve;aimingStabilizer;rammer;33.7
ussr:R81_IS8;turbocharger;aimingStabilizer;rammer;15.46
ussr:R81_IS8;ventilation;aimingStabilizer;rammer;11.48
ussr:R87_T62A;turbocharger;aimingStabilizer;rammer;25.7
ussr:R87_T62A;ventilation;aimingStabilizer;rammer;14.69
ussr:R87_T62A;ventilation;modernizedImprovedSightsEnhancedAimDrives;rammer;7.17
ussr:R88_Object268;rammer;modernizedTurbochargerRotationMechanism;ventilation;18.61
ussr:R88_Object268;rammer;improvedSights;ventilation;8.35
ussr:R88_Object268;ventilation;turbocharger;rammer;7.78
ussr:R89_SU122_44;coatedOptics;modernizedTurbochargerRotationMechanism;ventilation;33.73
ussr:R89_SU122_44;rammer;coatedOptics;ventilation;7.39
ussr:R89_SU122_44;rammer;improvedSights;healthReserve;6.29
ussr:R90_IS_4M;healthReserve;aimingStabilizer;rammer;31.12
ussr:R90_IS_4M;healthReserve;turbocharger;rammer;13
ussr:R90_IS_4M;turbocharger;aimingStabilizer;rammer;10.86
ussr:R91_SU14_1;rammer;turbocharger;enhancedAimDrives;45.33
ussr:R91_SU14_1;rammer;rotationMechanism;enhancedAimDrives;25.82
ussr:R91_SU14_1;rammer;modernizedTurbochargerRotationMechanism;enhancedAimDrives;14.56
ussr:R93_Object263;improvedSights;healthReserve;rammer;18.53
ussr:R93_Object263;rammer;turbocharger;rotationMechanism;13.28
ussr:R93_Object263;rammer;turbocharger;healthReserve;11.13
ussr:R95_Object_907;ventilation;aimingStabilizer;rammer;22.13
ussr:R95_Object_907;turbocharger;aimingStabilizer;rammer;13.81
ussr:R95_Object_907;aimingStabilizer;healthReserve;rammer;8.54
ussr:R96_Object_430;ventilation;aimingStabilizer;rammer;31.56
ussr:R96_Object_430;aimingStabilizer;rammer;coatedOptics;13.48
ussr:R96_Object_430;turbocharger;aimingStabilizer;rammer;10.63
ussr:R97_Object_140;ventilation;aimingStabilizer;rammer;26.33
ussr:R97_Object_140;turbocharger;aimingStabilizer;rammer;9.07
ussr:R97_Object_140;rammer;aimingStabilizer;coatedOptics;7.35
