VEHICLE_NAME;DEV_1;DEV_2;DEV_3;SETUP_USAGE_PERCENT
china:Ch01_Type59;ventilation;aimingStabilizer;rammer;19.95
china:Ch01_Type59;ventilation;rammer;coatedOptics;10.44
china:Ch01_Type59;aimingStabilizer;rammer;coatedOptics;9.24
china:Ch01_Type59_Gold;ventilation;aimingStabilizer;rammer;24.91
china:Ch01_Type59_Gold;aimingStabilizer;rammer;coatedOptics;12.42
china:Ch01_Type59_Gold;ventilation;rammer;coatedOptics;9.36
china:Ch02_Type62;coatedOptics;additInvisibilityDevice;ventilation;19.58
china:Ch02_Type62;additInvisibilityDevice;turbocharger;coatedOptics;9.2
china:Ch02_Type62;coatedOptics;additInvisibilityDevice;rammer;7.38
china:Ch03_WZ-111;ventilation;aimingStabilizer;rammer;14.15
china:Ch03_WZ-111;healthReserve;aimingStabilizer;rammer;13.58
china:Ch03_WZ-111;healthReserve;turbocharger;rammer;6.74
china:Ch03_WZ_111_A;ventilation;aimingStabilizer;rammer;11.33
china:Ch03_WZ_111_A;ventilation;enhancedAimDrives;rammer;7.82
china:Ch03_WZ_111_A;healthReserve;turbocharger;rammer;5.96
china:Ch04_T34_1;ventilation;rammer;coatedOptics;14.95
china:Ch04_T34_1;ventilation;improvedSights;rammer;6.81
china:Ch04_T34_1;turbocharger;rammer;ventilation;4.16
china:Ch05_T34_2;ventilation;aimingStabilizer;rammer;13.54
china:Ch05_T34_2;ventilation;enhancedAimDrives;rammer;4.62
china:Ch05_T34_2;turbocharger;rammer;ventilation;4.58
china:Ch06_Renault_NC31;;;;100
china:Ch07_Vickers_MkE_Type_BT26;ventilation;;;48.62
china:Ch07_Vickers_MkE_Type_BT26;healthReserve;;;15
china:Ch07_Vickers_MkE_Type_BT26;turbocharger;;;13.45
china:Ch08_Type97_Chi_Ha;enhancedAimDrives;turbocharger;;17.07
china:Ch08_Type97_Chi_Ha;stereoscope;coatedOptics;;14.31
china:Ch08_Type97_Chi_Ha;ventilation;enhancedAimDrives;;11.38
china:Ch09_M5;stereoscope;ventilation;camouflageNet;16.53
china:Ch09_M5;ventilation;additInvisibilityDevice;coatedOptics;10.7
china:Ch09_M5;ventilation;turbocharger;coatedOptics;5.95
china:Ch10_IS2;healthReserve;enhancedAimDrives;rammer;11.24
china:Ch10_IS2;healthReserve;rammer;ventilation;10.17
china:Ch10_IS2;ventilation;enhancedAimDrives;rammer;7.24
china:Ch11_110;healthReserve;aimingStabilizer;rammer;17.34
china:Ch11_110;ventilation;aimingStabilizer;rammer;7.99
china:Ch11_110;healthReserve;rammer;ventilation;7.77
china:Ch12_111_1_2_3;healthReserve;aimingStabilizer;rammer;23.29
china:Ch12_111_1_2_3;ventilation;aimingStabilizer;rammer;10.39
china:Ch12_111_1_2_3;healthReserve;rammer;ventilation;6.89
china:Ch14_T34_3;ventilation;aimingStabilizer;rammer;14.41
china:Ch14_T34_3;turbocharger;aimingStabilizer;rammer;10.4
china:Ch14_T34_3;ventilation;improvedSights;rammer;4.84
china:Ch15_59_16;coatedOptics;additInvisibilityDevice;ventilation;22.69
china:Ch15_59_16;coatedOptics;turbocharger;additInvisibilityDevice;8.05
china:Ch15_59_16;stereoscope;additInvisibilityDevice;camouflageNet;4.92
china:Ch16_WZ_131;coatedOptics;additInvisibilityDevice;ventilation;32.41
china:Ch16_WZ_131;coatedOptics;turbocharger;additInvisibilityDevice;6.35
china:Ch16_WZ_131;stereoscope;ventilation;camouflageNet;4.75
china:Ch17_WZ131_1_WZ132;commandersView;additInvisibilityDevice;coatedOptics;34.77
china:Ch17_WZ131_1_WZ132;commandersView;ventilation;coatedOptics;5.36
china:Ch17_WZ131_1_WZ132;additInvisibilityDevice;ventilation;coatedOptics;4.56
china:Ch18_WZ-120;ventilation;aimingStabilizer;rammer;16.3
china:Ch18_WZ-120;turbocharger;aimingStabilizer;rammer;7.37
china:Ch18_WZ-120;ventilation;enhancedAimDrives;rammer;5.32
china:Ch19_121;ventilation;aimingStabilizer;rammer;26.48
china:Ch19_121;turbocharger;aimingStabilizer;rammer;10.61
china:Ch19_121;enhancedAimDrives;rammer;ventilation;4.65
china:Ch20_Type58;ventilation;rammer;coatedOptics;12.17
china:Ch20_Type58;turbocharger;rammer;coatedOptics;5.42
china:Ch20_Type58;ventilation;enhancedAimDrives;rammer;4.29
china:Ch21_T34;ventilation;rammer;coatedOptics;10.32
china:Ch21_T34;rammer;enhancedAimDrives;ventilation;7.73
china:Ch21_T34;stereoscope;rammer;ventilation;4.13
china:Ch22_113;healthReserve;aimingStabilizer;rammer;22.7
china:Ch22_113;ventilation;aimingStabilizer;rammer;17.36
china:Ch22_113;healthReserve;turbocharger;rammer;10.94
china:Ch22_113_Beijing_Opera;healthReserve;aimingStabilizer;rammer;13.05
china:Ch22_113_Beijing_Opera;ventilation;aimingStabilizer;rammer;7.97
china:Ch22_113_Beijing_Opera;healthReserve;turbocharger;rammer;6.81
china:Ch23_112;ventilation;aimingStabilizer;rammer;13.03
china:Ch23_112;healthReserve;aimingStabilizer;rammer;11.68
china:Ch23_112;ventilation;enhancedAimDrives;rammer;10
china:Ch24_Type64;additInvisibilityDevice;turbocharger;coatedOptics;19.19
china:Ch24_Type64;coatedOptics;additInvisibilityDevice;rammer;17.08
china:Ch24_Type64;coatedOptics;additInvisibilityDevice;aimingStabilizer;6.37
china:Ch25_121_mod_1971B;ventilation;aimingStabilizer;rammer;23.25
china:Ch25_121_mod_1971B;turbocharger;aimingStabilizer;rammer;7.86
china:Ch25_121_mod_1971B;turbocharger;rammer;ventilation;6.47
china:Ch25_121_mod_1971B_MK;ventilation;aimingStabilizer;rammer;27.55
china:Ch25_121_mod_1971B_MK;modernizedTurbochargerRotationMechanism;aimingStabilizer;rammer;11.26
china:Ch25_121_mod_1971B_MK;turbocharger;aimingStabilizer;rammer;10.06
china:Ch26_59_Patton;ventilation;aimingStabilizer;rammer;11.15
china:Ch26_59_Patton;turbocharger;rammer;ventilation;7.9
china:Ch26_59_Patton;aimingStabilizer;rammer;coatedOptics;7.78
china:Ch28_WZ_132A;commandersView;additInvisibilityDevice;coatedOptics;45.11
china:Ch28_WZ_132A;commandersView;ventilation;coatedOptics;5.2
china:Ch28_WZ_132A;additInvisibilityDevice;ventilation;coatedOptics;3.78
china:Ch29_Type_62C_prot;commandersView;additInvisibilityDevice;coatedOptics;47.53
china:Ch29_Type_62C_prot;commandersView;ventilation;coatedOptics;7.65
china:Ch29_Type_62C_prot;commandersView;additInvisibilityDevice;ventilation;3.93
china:Ch30_T-26G_FT;stereoscope;;;47.09
china:Ch30_T-26G_FT;enhancedAimDrives;;;17.13
china:Ch30_T-26G_FT;ventilation;;;16.82
china:Ch31_M3G_FT;enhancedAimDrives;camouflageNet;;24.8
china:Ch31_M3G_FT;stereoscope;enhancedAimDrives;;13.97
china:Ch31_M3G_FT;stereoscope;camouflageNet;;12.81
china:Ch32_SU-76G_FT;ventilation;camouflageNet;stereoscope;16.18
china:Ch32_SU-76G_FT;camouflageNet;enhancedAimDrives;stereoscope;14.19
china:Ch32_SU-76G_FT;ventilation;enhancedAimDrives;stereoscope;8.45
china:Ch33_60G_FT;rammer;camouflageNet;stereoscope;10.68
china:Ch33_60G_FT;ventilation;rammer;coatedOptics;4.49
china:Ch33_60G_FT;ventilation;rammer;stereoscope;4.3
china:Ch34_WZ131G_FT;rammer;camouflageNet;stereoscope;12
china:Ch34_WZ131G_FT;ventilation;rammer;coatedOptics;10.07
china:Ch34_WZ131G_FT;rammer;ventilation;stereoscope;6.62
china:Ch35_T-34-2G_FT;rammer;camouflageNet;stereoscope;8.95
china:Ch35_T-34-2G_FT;rammer;ventilation;coatedOptics;7.41
china:Ch35_T-34-2G_FT;rammer;improvedSights;enhancedAimDrives;5.87
china:Ch36_WZ111_1G_FT;rammer;turbocharger;healthReserve;4.4
china:Ch36_WZ111_1G_FT;rammer;improvedSights;rotationMechanism;4.17
china:Ch36_WZ111_1G_FT;rammer;improvedSights;ventilation;4.08
china:Ch37_WZ111G_FT;rammer;turbocharger;rotationMechanism;7.22
china:Ch37_WZ111G_FT;rammer;modernizedTurbochargerRotationMechanism;rotationMechanism;6.77
china:Ch37_WZ111G_FT;rammer;modernizedTurbochargerRotationMechanism;ventilation;6.65
china:Ch38_WZ113G_FT;rammer;modernizedTurbochargerRotationMechanism;ventilation;9.85
china:Ch38_WZ113G_FT;rammer;improvedSights;ventilation;9.2
china:Ch38_WZ113G_FT;rammer;modernizedTurbochargerRotationMechanism;rotationMechanism;7.25
china:Ch39_WZ120_1G_FT;rammer;enhancedAimDrives;ventilation;15.76
china:Ch39_WZ120_1G_FT;rammer;ventilation;coatedOptics;8.04
china:Ch39_WZ120_1G_FT;rammer;improvedSights;ventilation;7.72
china:Ch40_WZ120G_FT;rammer;rotationMechanism;ventilation;25.01
china:Ch40_WZ120G_FT;improvedSights;rammer;ventilation;10.5
china:Ch40_WZ120G_FT;rammer;improvedSights;rotationMechanism;6.69
china:Ch41_WZ_111_5A;healthReserve;aimingStabilizer;rammer;19.29
china:Ch41_WZ_111_5A;ventilation;aimingStabilizer;rammer;15.64
china:Ch41_WZ_111_5A;aimingStabilizer;turbocharger;rammer;10.68
china:Ch41_WZ_111_QL;healthReserve;aimingStabilizer;rammer;25.08
china:Ch41_WZ_111_QL;ventilation;aimingStabilizer;rammer;14.94
china:Ch41_WZ_111_QL;aimingStabilizer;turbocharger;rammer;14.24
china:Ch42_WalkerBulldog_M41D;commandersView;additInvisibilityDevice;coatedOptics;31.09
china:Ch42_WalkerBulldog_M41D;commandersView;ventilation;coatedOptics;6.89
china:Ch42_WalkerBulldog_M41D;coatedOptics;ventilation;rammer;3.46
china:Ch43_WZ_122_2;ventilation;aimingStabilizer;rammer;12.97
china:Ch43_WZ_122_2;turbocharger;aimingStabilizer;rammer;12.08
china:Ch43_WZ_122_2;turbocharger;rammer;ventilation;10.32
china:Ch44_114_SP2;rammer;turbocharger;ventilation;15.06
china:Ch44_114_SP2;rammer;modernizedTurbochargerRotationMechanism;ventilation;11.54
china:Ch44_114_SP2;rammer;rotationMechanism;ventilation;9.61
china:Ch45_WZ_114;ventilation;aimingStabilizer;rammer;10.02
china:Ch45_WZ_114;healthReserve;aimingStabilizer;rammer;9.61
china:Ch45_WZ_114;ventilation;enhancedAimDrives;rammer;5.63
china:Ch47_BZ_176;turbocharger;aimingStabilizer;rammer;18.49
china:Ch47_BZ_176;ventilation;aimingStabilizer;rammer;11.5
china:Ch47_BZ_176;modernizedTurbochargerRotationMechanism;aimingStabilizer;rammer;8.66
china:Ch48_BZ_75;healthReserve;aimingStabilizer;rammer;11.1
china:Ch48_BZ_75;healthReserve;turbocharger;rammer;10.59
china:Ch48_BZ_75;turbocharger;aimingStabilizer;rammer;10.47
china:Ch49_BZ_68;ventilation;aimingStabilizer;rammer;10.08
china:Ch49_BZ_68;healthReserve;aimingStabilizer;rammer;9.9
china:Ch49_BZ_68;turbocharger;aimingStabilizer;rammer;8.05
china:Ch50_BZ_166;ventilation;aimingStabilizer;rammer;9.6
china:Ch50_BZ_166;healthReserve;aimingStabilizer;rammer;8.39
china:Ch50_BZ_166;healthReserve;turbocharger;rammer;6.27
china:Ch51_BZ_58;healthReserve;turbocharger;rammer;9.39
china:Ch51_BZ_58;healthReserve;rammer;ventilation;9.35
china:Ch51_BZ_58;ventilation;enhancedAimDrives;rammer;6.3
china:Ch52_WZ_122_6_F3;ventilation;modernizedTurbochargerRotationMechanism;aimingStabilizer;17.28
china:Ch52_WZ_122_6_F3;healthReserve;turbocharger;aimingStabilizer;10.21
china:Ch52_WZ_122_6_F3;healthReserve;modernizedTurbochargerRotationMechanism;aimingStabilizer;7.69
china:Ch54_BZ_72_1;modernizedTurbochargerRotationMechanism;aimingStabilizer;rammer;20.39
china:Ch54_BZ_72_1;turbocharger;aimingStabilizer;rammer;15.33
china:Ch54_BZ_72_1;healthReserve;turbocharger;rammer;12.17
china:Ch59_BZ58_2;healthReserve;aimingStabilizer;rammer;15.22
china:Ch59_BZ58_2;ventilation;aimingStabilizer;rammer;12.45
china:Ch59_BZ58_2;healthReserve;turbocharger;rammer;11.51
china:Ch60_Vickers_TypeB;ventilation;;;39.32
china:Ch60_Vickers_TypeB;turbocharger;;;36.75
china:Ch61_DZT_159;turbocharger;aimingStabilizer;rammer;24.52
china:Ch61_DZT_159;modernizedTurbochargerRotationMechanism;aimingStabilizer;rammer;14.97
china:Ch61_DZT_159;ventilation;aimingStabilizer;rammer;9.24
china:Ch65_Type59_IC4_3DSt;ventilation;aimingStabilizer;rammer;25.64
china:Ch65_Type59_IC4_3DSt;turbocharger;aimingStabilizer;rammer;10.65
china:Ch65_Type59_IC4_3DSt;aimingStabilizer;rammer;coatedOptics;9.58
czech:Cz01_Skoda_T40;ventilation;rammer;coatedOptics;16.76
czech:Cz01_Skoda_T40;ventilation;rotationMechanism;rammer;6.38
czech:Cz01_Skoda_T40;rotationMechanism;coatedOptics;rammer;5.62
czech:Cz02_TVP_T50;ventilation;aimingStabilizer;coatedOptics;9.38
czech:Cz02_TVP_T50;ventilation;improvedSights;aimingStabilizer;9.37
czech:Cz02_TVP_T50;turbocharger;aimingStabilizer;ventilation;6.71
czech:Cz03_LT_vz35;ventilation;;;23.37
czech:Cz03_LT_vz35;coatedOptics;;;21.56
czech:Cz03_LT_vz35;stereoscope;;;16.67
czech:Cz04_T50_51;ventilation;improvedSights;aimingStabilizer;13.35
czech:Cz04_T50_51;ventilation;aimingStabilizer;coatedOptics;6.29
czech:Cz04_T50_51;turbocharger;aimingStabilizer;ventilation;5.8
czech:Cz05_T34_100;ventilation;rammer;coatedOptics;16.31
czech:Cz05_T34_100;ventilation;enhancedAimDrives;rammer;6.87
czech:Cz05_T34_100;ventilation;improvedSights;rammer;6.47
czech:Cz06_Kolohousenka;;;;100
czech:Cz07_TVP_46;ventilation;aimingStabilizer;rammer;16.2
czech:Cz07_TVP_46;ventilation;rammer;coatedOptics;8.94
czech:Cz07_TVP_46;ventilation;improvedSights;rammer;4.49
czech:Cz08_T_25;ventilation;rotationMechanism;coatedOptics;8.23
czech:Cz08_T_25;ventilation;improvedSights;coatedOptics;7.98
czech:Cz08_T_25;turbocharger;ventilation;coatedOptics;5.1
czech:Cz09_T_24;ventilation;rammer;coatedOptics;12.41
czech:Cz09_T_24;ventilation;turbocharger;rammer;3.58
czech:Cz09_T_24;ventilation;enhancedAimDrives;rammer;3.58
czech:Cz10_LT_vz38;ventilation;enhancedAimDrives;;18.51
czech:Cz10_LT_vz38;enhancedAimDrives;healthReserve;;8.57
czech:Cz10_LT_vz38;ventilation;turbocharger;;6.99
czech:Cz11_V_8_H;ventilation;turbocharger;coatedOptics;9.66
czech:Cz11_V_8_H;ventilation;turbocharger;enhancedAimDrives;8.43
czech:Cz11_V_8_H;ventilation;enhancedAimDrives;coatedOptics;6.1
czech:Cz13_T_27;ventilation;aimingStabilizer;coatedOptics;12.32
czech:Cz13_T_27;ventilation;improvedSights;aimingStabilizer;6.51
czech:Cz13_T_27;turbocharger;aimingStabilizer;ventilation;5.9
czech:Cz14_Skoda_T-56;ventilation;improvedSights;aimingStabilizer;14.83
czech:Cz14_Skoda_T-56;ventilation;turbocharger;aimingStabilizer;10.35
czech:Cz14_Skoda_T-56;ventilation;modernizedTurbochargerRotationMechanism;aimingStabilizer;7.72
czech:Cz14_Skoda_T-56_WT24_3Dst;ventilation;improvedSights;aimingStabilizer;12.14
czech:Cz14_Skoda_T-56_WT24_3Dst;ventilation;turbocharger;aimingStabilizer;10.76
czech:Cz14_Skoda_T-56_WT24_3Dst;healthReserve;turbocharger;aimingStabilizer;10.13
czech:Cz15_Skoda_T-45_Prem;healthReserve;rammer;ventilation;17.94
czech:Cz15_Skoda_T-45_Prem;healthReserve;turbocharger;rammer;5.85
czech:Cz15_Skoda_T-45_Prem;modernizedExtraHealthReserveAntifragmentationLining;modernizedTurbochargerRotationMechanism;rammer;5
czech:Cz16_TNH_T_vz51;ventilation;improvedSights;aimingStabilizer;9.65
czech:Cz16_TNH_T_vz51;healthReserve;aimingStabilizer;ventilation;7.09
czech:Cz16_TNH_T_vz51;ventilation;turbocharger;aimingStabilizer;6.73
czech:Cz17_Vz_55;ventilation;turbocharger;aimingStabilizer;12.93
czech:Cz17_Vz_55;healthReserve;aimingStabilizer;ventilation;9.22
czech:Cz17_Vz_55;healthReserve;turbocharger;aimingStabilizer;8.96
czech:Cz18_TNH_105_1000;ventilation;improvedSights;aimingStabilizer;8.51
czech:Cz18_TNH_105_1000;healthReserve;aimingStabilizer;ventilation;6.27
czech:Cz18_TNH_105_1000;healthReserve;turbocharger;aimingStabilizer;5.26
czech:Cz19_Vz_44_1;healthReserve;rammer;ventilation;9.96
czech:Cz19_Vz_44_1;ventilation;rotationMechanism;rammer;7.76
czech:Cz19_Vz_44_1;healthReserve;turbocharger;rammer;6.39
czech:Cz20_ShPTK_TVP_100_mm;rammer;improvedSights;coatedOptics;15.17
czech:Cz20_ShPTK_TVP_100_mm;rammer;additInvisibilityDevice;coatedOptics;14.59
czech:Cz20_ShPTK_TVP_100_mm;rammer;turbocharger;coatedOptics;9.49
czech:Cz23_Skoda_T_17;coatedOptics;additInvisibilityDevice;ventilation;16.77
czech:Cz23_Skoda_T_17;coatedOptics;turbocharger;additInvisibilityDevice;7.97
czech:Cz23_Skoda_T_17;coatedOptics;aimingStabilizer;ventilation;6.36
czech:Cz24_Vz_64_Blesk;commandersView;additInvisibilityDevice;coatedOptics;22.39
czech:Cz24_Vz_64_Blesk;commandersView;ventilation;coatedOptics;8.15
czech:Cz24_Vz_64_Blesk;coatedOptics;additInvisibilityDevice;ventilation;3.39
czech:Cz28_LPT_67_Selma;commandersView;additInvisibilityDevice;coatedOptics;29.99
czech:Cz28_LPT_67_Selma;commandersView;ventilation;coatedOptics;6.81
czech:Cz28_LPT_67_Selma;commandersView;turbocharger;coatedOptics;4.91
czech:Cz29_Pzw_39;ventilation;coatedOptics;;13.79
czech:Cz29_Pzw_39;enhancedAimDrives;ventilation;;12.34
czech:Cz29_Pzw_39;ventilation;healthReserve;;8.78
czech:Cz33_Vz_68_Squall;commandersView;additInvisibilityDevice;coatedOptics;33.17
czech:Cz33_Vz_68_Squall;commandersView;turbocharger;coatedOptics;7.11
czech:Cz33_Vz_68_Squall;commandersView;ventilation;coatedOptics;5.61
czech:Cz34_Vz_71_Tesak;commandersView;additInvisibilityDevice;coatedOptics;37.56
czech:Cz34_Vz_71_Tesak;commandersView;additInvisibilityDevice;ventilation;5.14
czech:Cz34_Vz_71_Tesak;commandersView;ventilation;coatedOptics;4.66
czech:Cz35_T56_G;healthReserve;turbocharger;rammer;10.97
czech:Cz35_T56_G;healthReserve;aimingStabilizer;rammer;7.97
czech:Cz35_T56_G;modernizedTurbochargerRotationMechanism;aimingStabilizer;rammer;7.05
france:F01_RenaultFT;;;;100
france:F02_D1;ventilation;;;52.86
france:F03_D2;enhancedAimDrives;coatedOptics;;41.67
france:F04_B1;ventilation;turbocharger;healthReserve;25.35
france:F04_B1;healthReserve;enhancedAimDrives;ventilation;14.38
france:F04_B1;healthReserve;turbocharger;enhancedAimDrives;8.94
france:F05_BDR_G1B;healthReserve;rammer;ventilation;8.13
france:F05_BDR_G1B;ventilation;enhancedAimDrives;rammer;7.6
france:F05_BDR_G1B;healthReserve;turbocharger;rammer;5.79
france:F06_ARL_44;healthReserve;rammer;ventilation;12.64
france:F06_ARL_44;ventilation;enhancedAimDrives;rammer;9.02
france:F06_ARL_44;healthReserve;turbocharger;rammer;5.43
france:F07_AMX_M4_1945;healthReserve;rammer;ventilation;15.08
france:F07_AMX_M4_1945;ventilation;enhancedAimDrives;rammer;6.54
france:F07_AMX_M4_1945;healthReserve;turbocharger;rammer;6.33
france:F08_AMX_50_100;ventilation;aimingStabilizer;enhancedAimDrives;8.73
france:F08_AMX_50_100;ventilation;improvedSights;aimingStabilizer;8.38
france:F08_AMX_50_100;healthReserve;turbocharger;aimingStabilizer;6.39
france:F09_AMX_50_120;healthReserve;turbocharger;aimingStabilizer;8.93
france:F09_AMX_50_120;ventilation;improvedSights;aimingStabilizer;8.15
france:F09_AMX_50_120;healthReserve;aimingStabilizer;ventilation;7.5
france:F100_Panhard_EBR_90;commandersView;additInvisibilityDevice;coatedOptics;41.47
france:F100_Panhard_EBR_90;commandersView;ventilation;coatedOptics;20.02
france:F100_Panhard_EBR_90;coatedOptics;additInvisibilityDevice;ventilation;3.95
france:F106_Panhard_EBR_75_Mle1954;commandersView;coatedOptics;ventilation;33.3
france:F106_Panhard_EBR_75_Mle1954;commandersView;additInvisibilityDevice;coatedOptics;26.09
france:F106_Panhard_EBR_75_Mle1954;coatedOptics;aimingStabilizer;ventilation;7.98
france:F107_Hotchkiss_EBR;coatedOptics;additInvisibilityDevice;ventilation;38.86
france:F107_Hotchkiss_EBR;coatedOptics;additInvisibilityDevice;camouflageNet;11.74
france:F107_Hotchkiss_EBR;coatedOptics;rammer;ventilation;6.16
france:F108_Panhard_EBR_105;commandersView;additInvisibilityDevice;coatedOptics;49.96
france:F108_Panhard_EBR_105;commandersView;coatedOptics;ventilation;24.84
france:F108_Panhard_EBR_105;coatedOptics;additInvisibilityDevice;ventilation;3.72
france:F109_AMD_Panhard_178B;coatedOptics;additInvisibilityDevice;ventilation;35.06
france:F109_AMD_Panhard_178B;coatedOptics;additInvisibilityDevice;camouflageNet;10.25
france:F109_AMD_Panhard_178B;coatedOptics;ventilation;camouflageNet;7.66
france:F10_AMX_50B;healthReserve;turbocharger;aimingStabilizer;13.34
france:F10_AMX_50B;healthReserve;aimingStabilizer;ventilation;10.77
france:F10_AMX_50B;ventilation;turbocharger;aimingStabilizer;7.1
france:F110_Lynx_6x6;commandersView;additInvisibilityDevice;coatedOptics;28.97
france:F110_Lynx_6x6;commandersView;ventilation;coatedOptics;20.02
france:F110_Lynx_6x6;coatedOptics;additInvisibilityDevice;ventilation;4.54
france:F111_AM39_Gendron_Somua;ventilation;;;32.34
france:F111_AM39_Gendron_Somua;coatedOptics;;;27.78
france:F111_AM39_Gendron_Somua;healthReserve;;;18.95
france:F112_M10_RBFM;rammer;camouflageNet;stereoscope;20.42
france:F112_M10_RBFM;rotationMechanism;rammer;coatedOptics;4.21
france:F112_M10_RBFM;camouflageNet;enhancedAimDrives;rammer;3.06
france:F113_Bretagne_Panther;ventilation;rammer;coatedOptics;20.32
france:F113_Bretagne_Panther;turbocharger;rammer;coatedOptics;9.53
france:F113_Bretagne_Panther;turbocharger;rammer;ventilation;8.82
france:F114_Projet_4_1;ventilation;aimingStabilizer;coatedOptics;12.43
france:F114_Projet_4_1;ventilation;improvedSights;aimingStabilizer;7.34
france:F114_Projet_4_1;ventilation;commandersView;coatedOptics;3.1
france:F115_Lorraine_50t;ventilation;aimingStabilizer;rammer;11.23
france:F115_Lorraine_50t;healthReserve;aimingStabilizer;rammer;10.86
france:F115_Lorraine_50t;healthReserve;rammer;ventilation;5.7
france:F116_Bat_Chatillon_Bourrasque;additInvisibilityDevice;commandersView;coatedOptics;14.17
france:F116_Bat_Chatillon_Bourrasque;ventilation;improvedSights;aimingStabilizer;9.34
france:F116_Bat_Chatillon_Bourrasque;ventilation;aimingStabilizer;coatedOptics;7.87
france:F116_Bat_Chatillon_Bourrasque_DV;additInvisibilityDevice;commandersView;coatedOptics;17.09
france:F116_Bat_Chatillon_Bourrasque_DV;ventilation;improvedSights;aimingStabilizer;10.07
france:F116_Bat_Chatillon_Bourrasque_DV;coatedOptics;commandersView;aimingStabilizer;7.32
france:F117_Alt_Proto_AMX_30;ventilation;aimingStabilizer;rammer;34.23
france:F117_Alt_Proto_AMX_30;aimingStabilizer;rammer;coatedOptics;8.24
france:F117_Alt_Proto_AMX_30;turbocharger;aimingStabilizer;rammer;5.55
france:F118_Char_Mle_75;commandersView;additInvisibilityDevice;coatedOptics;37.4
france:F118_Char_Mle_75;additInvisibilityDevice;aimingStabilizer;coatedOptics;7.73
france:F118_Char_Mle_75;commandersView;ventilation;coatedOptics;7.5
france:F11_Renault_G1R;coatedOptics;modernizedTurbochargerRotationMechanism;rammer;13.28
france:F11_Renault_G1R;rammer;enhancedAimDrives;ventilation;9.21
france:F11_Renault_G1R;ventilation;rammer;coatedOptics;8.71
france:F124_AMX_13FL11;ventilation;additInvisibilityDevice;coatedOptics;14.23
france:F124_AMX_13FL11;coatedOptics;turbocharger;additInvisibilityDevice;8.18
france:F124_AMX_13FL11;camouflageNet;additInvisibilityDevice;stereoscope;4.37
france:F129_ARL_44_BPXIV;ventilation;enhancedAimDrives;rammer;8.99
france:F129_ARL_44_BPXIV;healthReserve;rammer;ventilation;8.02
france:F129_ARL_44_BPXIV;healthReserve;enhancedAimDrives;rammer;6.13
france:F12_Hotchkiss_H35;ventilation;;;28.82
france:F12_Hotchkiss_H35;healthReserve;;;25.92
france:F12_Hotchkiss_H35;turbocharger;;;23.55
france:F13_AMX38;coatedOptics;healthReserve;;15.42
france:F13_AMX38;ventilation;healthReserve;;14.5
france:F13_AMX38;turbocharger;healthReserve;;13.69
france:F14_AMX40;ventilation;turbocharger;healthReserve;12.84
france:F14_AMX40;turbocharger;healthReserve;enhancedAimDrives;7.4
france:F14_AMX40;ventilation;turbocharger;enhancedAimDrives;6.37
france:F15_AMX_12t;coatedOptics;additInvisibilityDevice;ventilation;21.37
france:F15_AMX_12t;coatedOptics;turbocharger;additInvisibilityDevice;6.47
france:F15_AMX_12t;stereoscope;additInvisibilityDevice;camouflageNet;6.11
france:F16_AMX_13_75;coatedOptics;additInvisibilityDevice;ventilation;25.29
france:F16_AMX_13_75;coatedOptics;turbocharger;additInvisibilityDevice;8.51
france:F16_AMX_13_75;stereoscope;additInvisibilityDevice;camouflageNet;5.73
france:F17_AMX_13_90;commandersView;additInvisibilityDevice;coatedOptics;55.48
france:F17_AMX_13_90;commandersView;ventilation;coatedOptics;4.92
france:F17_AMX_13_90;commandersView;additInvisibilityDevice;stereoscope;2.62
france:F18_Bat_Chatillon25t;ventilation;improvedSights;aimingStabilizer;7.59
france:F18_Bat_Chatillon25t;ventilation;aimingStabilizer;coatedOptics;7.35
france:F18_Bat_Chatillon25t;additInvisibilityDevice;commandersView;coatedOptics;7.2
france:F19_Lorraine40t;ventilation;aimingStabilizer;coatedOptics;10.01
france:F19_Lorraine40t;ventilation;improvedSights;aimingStabilizer;8.78
france:F19_Lorraine40t;turbocharger;aimingStabilizer;ventilation;3.48
france:F20_RenaultBS;stereoscope;;;43.97
france:F20_RenaultBS;enhancedAimDrives;;;32.62
france:F21_Lorraine39_L_AM;enhancedAimDrives;additInvisibilityDevice;;37.29
france:F21_Lorraine39_L_AM;enhancedAimDrives;turbocharger;;25.42
france:F21_Lorraine39_L_AM;coatedOptics;camouflageNet;;24.58
france:F22_AMX_105AM;enhancedAimDrives;rotationMechanism;rammer;44.69
france:F22_AMX_105AM;rammer;enhancedAimDrives;camouflageNet;19.56
france:F22_AMX_105AM;rammer;modernizedTurbochargerRotationMechanism;enhancedAimDrives;10.11
france:F23_AMX_13F3AM;rammer;rotationMechanism;enhancedAimDrives;55.21
france:F23_AMX_13F3AM;rammer;enhancedAimDrives;camouflageNet;15.87
france:F23_AMX_13F3AM;rammer;turbocharger;enhancedAimDrives;6.54
france:F24_Lorraine155_50;rammer;rotationMechanism;enhancedAimDrives;51.34
france:F24_Lorraine155_50;rammer;enhancedAimDrives;camouflageNet;25.39
france:F24_Lorraine155_50;rammer;turbocharger;enhancedAimDrives;5.57
france:F25_Lorraine155_51;rammer;rotationMechanism;enhancedAimDrives;55.33
france:F25_Lorraine155_51;rammer;enhancedAimDrives;camouflageNet;17.23
france:F25_Lorraine155_51;rammer;turbocharger;enhancedAimDrives;9.11
france:F27_FCM_36Pak40;stereoscope;camouflageNet;;31.37
france:F27_FCM_36Pak40;turbocharger;coatedOptics;;16.24
france:F27_FCM_36Pak40;stereoscope;turbocharger;;14.38
france:F28_105_leFH18B2;rammer;rotationMechanism;enhancedAimDrives;50.84
france:F28_105_leFH18B2;rammer;enhancedAimDrives;camouflageNet;14.2
france:F28_105_leFH18B2;rammer;turbocharger;enhancedAimDrives;9.79
france:F30_RenaultFT_AC;stereoscope;;;41.34
france:F30_RenaultFT_AC;turbocharger;;;30.73
france:F30_RenaultFT_AC;camouflageNet;;;22.91
france:F32_Somua_Sau_40;enhancedAimDrives;camouflageNet;stereoscope;11.81
france:F32_Somua_Sau_40;ventilation;camouflageNet;stereoscope;9.6
france:F32_Somua_Sau_40;ventilation;turbocharger;enhancedAimDrives;6.53
france:F33_S_35CA;rammer;camouflageNet;stereoscope;19.13
france:F33_S_35CA;improvedSights;rammer;stereoscope;8.05
france:F33_S_35CA;enhancedAimDrives;rammer;stereoscope;5.21
france:F34_ARL_V39;rammer;camouflageNet;stereoscope;18.32
france:F34_ARL_V39;ventilation;rammer;coatedOptics;5.03
france:F34_ARL_V39;rammer;improvedSights;ventilation;3.12
france:F35_AMX_AC_Mle1946;rammer;camouflageNet;stereoscope;9.34
france:F35_AMX_AC_Mle1946;rammer;enhancedAimDrives;camouflageNet;4.83
france:F35_AMX_AC_Mle1946;ventilation;enhancedAimDrives;rammer;4.16
france:F36_AMX_AC_Mle1948;improvedSights;rotationMechanism;ventilation;5.2
france:F36_AMX_AC_Mle1948;improvedSights;enhancedAimDrives;ventilation;5.02
france:F36_AMX_AC_Mle1948;ventilation;rotationMechanism;enhancedAimDrives;3.76
france:F37_AMX50_Foch;ventilation;improvedSights;rotationMechanism;6.67
france:F37_AMX50_Foch;ventilation;improvedSights;enhancedAimDrives;5.28
france:F37_AMX50_Foch;ventilation;improvedSights;coatedOptics;4.55
france:F38_Bat_Chatillon155_58;rotationMechanism;modernizedTurbochargerRotationMechanism;enhancedAimDrives;28.47
france:F38_Bat_Chatillon155_58;enhancedAimDrives;turbocharger;rotationMechanism;26.47
france:F38_Bat_Chatillon155_58;enhancedAimDrives;rotationMechanism;camouflageNet;16.64
france:F39_AMR_P103;ventilation;;;49.85
france:F39_AMR_P103;turbocharger;;;15.9
france:F39_AMR_P103;healthReserve;;;12.31
france:F42_AMR_35;ventilation;;;39.09
france:F42_AMR_35;healthReserve;;;17.27
france:F42_AMR_35;enhancedAimDrives;;;15
france:F44_Somua_S35;ventilation;turbocharger;;14.37
france:F44_Somua_S35;stereoscope;ventilation;;13.82
france:F44_Somua_S35;enhancedAimDrives;turbocharger;;13.64
france:F49_RenaultR35;ventilation;;;46.05
france:F49_RenaultR35;stereoscope;;;27.49
france:F49_RenaultR35;turbocharger;;;12.37
france:F50_FCM36_20t;healthReserve;;;37.85
france:F50_FCM36_20t;ventilation;;;18.69
france:F50_FCM36_20t;turbocharger;;;16.36
france:F52_RenaultUE57;stereoscope;camouflageNet;;46.25
france:F52_RenaultUE57;enhancedAimDrives;additInvisibilityDevice;;9.04
france:F52_RenaultUE57;enhancedAimDrives;grousers;;7.81
france:F62_ELC_AMX;ventilation;additInvisibilityDevice;coatedOptics;14.93
france:F62_ELC_AMX;camouflageNet;additInvisibilityDevice;stereoscope;5.49
france:F62_ELC_AMX;coatedOptics;turbocharger;additInvisibilityDevice;5.35
france:F64_AMX_50Fosh_155;ventilation;improvedSights;enhancedAimDrives;9.4
france:F64_AMX_50Fosh_155;improvedSights;rotationMechanism;ventilation;5.97
france:F64_AMX_50Fosh_155;rotationMechanism;enhancedAimDrives;ventilation;3.98
france:F64_AMX_50Fosh_B;rotationMechanism;modernizedTurbochargerRotationMechanism;healthReserve;7.4
france:F64_AMX_50Fosh_B;improvedSights;rotationMechanism;ventilation;5.62
france:F64_AMX_50Fosh_B;ventilation;improvedSights;enhancedAimDrives;5.17
france:F65_FCM_50t;ventilation;aimingStabilizer;rammer;14.31
france:F65_FCM_50t;healthReserve;turbocharger;rammer;11.91
france:F65_FCM_50t;healthReserve;aimingStabilizer;rammer;9.51
france:F66_AMX_Ob_Am105;stereoscope;enhancedAimDrives;camouflageNet;40.47
france:F66_AMX_Ob_Am105;enhancedAimDrives;turbocharger;stereoscope;15.4
france:F66_AMX_Ob_Am105;enhancedAimDrives;turbocharger;camouflageNet;15.4
france:F67_Bat_Chatillon155_55;rammer;rotationMechanism;enhancedAimDrives;57.68
france:F67_Bat_Chatillon155_55;rammer;enhancedAimDrives;camouflageNet;14.44
france:F67_Bat_Chatillon155_55;rammer;modernizedTurbochargerRotationMechanism;enhancedAimDrives;8.39
france:F68_AMX_Chasseur_de_char_46;ventilation;rammer;coatedOptics;12.46
france:F68_AMX_Chasseur_de_char_46;ventilation;aimingStabilizer;rammer;12.03
france:F68_AMX_Chasseur_de_char_46;camouflageNet;rammer;coatedOptics;5.82
france:F69_AMX13_57_100;ventilation;additInvisibilityDevice;coatedOptics;30.9
france:F69_AMX13_57_100;coatedOptics;additInvisibilityDevice;aimingStabilizer;10.74
france:F69_AMX13_57_100;coatedOptics;turbocharger;additInvisibilityDevice;8
france:F69_AMX13_57_100_GrandFinal;coatedOptics;additInvisibilityDevice;ventilation;29.31
france:F69_AMX13_57_100_GrandFinal;additInvisibilityDevice;aimingStabilizer;coatedOptics;9.12
france:F69_AMX13_57_100_GrandFinal;coatedOptics;turbocharger;additInvisibilityDevice;7.59
france:F70_SARL42;stereoscope;healthReserve;grousers;20.46
france:F70_SARL42;ventilation;turbocharger;enhancedAimDrives;14.25
france:F70_SARL42;healthReserve;ventilation;coatedOptics;8.97
france:F71_AMX_30_prototype;ventilation;aimingStabilizer;rammer;19.9
france:F71_AMX_30_prototype;ventilation;rammer;coatedOptics;11.48
france:F71_AMX_30_prototype;aimingStabilizer;rammer;coatedOptics;5.93
france:F72_AMX_30;ventilation;aimingStabilizer;rammer;15.03
france:F72_AMX_30;turbocharger;rammer;ventilation;6.16
france:F72_AMX_30;ventilation;improvedSights;rammer;5.77
france:F73_M4A1_Revalorise;ventilation;aimingStabilizer;rammer;13.31
france:F73_M4A1_Revalorise;turbocharger;aimingStabilizer;rammer;11.43
france:F73_M4A1_Revalorise;turbocharger;rammer;ventilation;6.03
france:F74_AMX_M4_1949;ventilation;aimingStabilizer;rammer;16.61
france:F74_AMX_M4_1949;healthReserve;aimingStabilizer;rammer;16.33
france:F74_AMX_M4_1949;healthReserve;rammer;ventilation;4.37
france:F74_AMX_M4_1949_Liberte;ventilation;aimingStabilizer;rammer;12.76
france:F74_AMX_M4_1949_Liberte;healthReserve;aimingStabilizer;rammer;9.37
france:F74_AMX_M4_1949_Liberte;healthReserve;rammer;ventilation;8.37
france:F75_Char_de_25t;ventilation;aimingStabilizer;coatedOptics;10.87
france:F75_Char_de_25t;ventilation;improvedSights;aimingStabilizer;8.29
france:F75_Char_de_25t;commandersView;additInvisibilityDevice;coatedOptics;5.48
france:F81_Char_de_65t;healthReserve;aimingStabilizer;rammer;13.48
france:F81_Char_de_65t;healthReserve;turbocharger;rammer;8.16
france:F81_Char_de_65t;healthReserve;rammer;ventilation;6.53
france:F82_AMX_M4_Mle1949_Ter;healthReserve;aimingStabilizer;rammer;20.73
france:F82_AMX_M4_Mle1949_Ter;healthReserve;turbocharger;rammer;16.31
france:F82_AMX_M4_Mle1949_Ter;healthReserve;modernizedTurbochargerRotationMechanism;rammer;7.54
france:F83_AMX_M4_Mle1949_Bis;healthReserve;aimingStabilizer;rammer;19.48
france:F83_AMX_M4_Mle1949_Bis;healthReserve;turbocharger;rammer;14.2
france:F83_AMX_M4_Mle1949_Bis;ventilation;aimingStabilizer;rammer;6.43
france:F84_Somua_SM;ventilation;turbocharger;aimingStabilizer;12.74
france:F84_Somua_SM;healthReserve;turbocharger;aimingStabilizer;12.39
france:F84_Somua_SM;ventilation;aimingStabilizer;enhancedAimDrives;7.7
france:F85_M4A1_FL10;ventilation;rotationMechanism;coatedOptics;17.36
france:F85_M4A1_FL10;ventilation;improvedSights;coatedOptics;7.78
france:F85_M4A1_FL10;turbocharger;ventilation;coatedOptics;6.79
france:F87_Batignolles-Chatillon_12t;commandersView;additInvisibilityDevice;coatedOptics;42.82
france:F87_Batignolles-Chatillon_12t;commandersView;ventilation;coatedOptics;4.85
france:F87_Batignolles-Chatillon_12t;commandersView;additInvisibilityDevice;stereoscope;3.33
france:F88_AMX_13_105;commandersView;additInvisibilityDevice;coatedOptics;56.25
france:F88_AMX_13_105;commandersView;ventilation;coatedOptics;5.81
france:F88_AMX_13_105;commandersView;additInvisibilityDevice;ventilation;2.75
france:F89_Canon_dassaut_de_105;rammer;ventilation;coatedOptics;21.85
france:F89_Canon_dassaut_de_105;rammer;additInvisibilityDevice;coatedOptics;5.31
france:F89_Canon_dassaut_de_105;rammer;ventilation;stereoscope;4.88
france:F97_ELC_EVEN_90;commandersView;additInvisibilityDevice;coatedOptics;63.43
france:F97_ELC_EVEN_90;commandersView;turbocharger;coatedOptics;5.24
france:F97_ELC_EVEN_90;commandersView;ventilation;coatedOptics;4.36
germany:G02_Hummel;rammer;rotationMechanism;enhancedAimDrives;42.05
germany:G02_Hummel;rammer;enhancedAimDrives;camouflageNet;20.26
germany:G02_Hummel;rammer;turbocharger;enhancedAimDrives;8.34
germany:G03_PzV_Panther;ventilation;rammer;coatedOptics;9.07
germany:G03_PzV_Panther;turbocharger;rammer;ventilation;5.36
germany:G03_PzV_Panther;ventilation;enhancedAimDrives;rammer;4.73
germany:G04_PzVI_Tiger_I;healthReserve;rammer;ventilation;12.22
germany:G04_PzVI_Tiger_I;healthReserve;rotationMechanism;rammer;6.9
germany:G04_PzVI_Tiger_I;healthReserve;turbocharger;rammer;6.85
germany:G05_StuG_40_AusfG;rammer;camouflageNet;stereoscope;12.95
germany:G05_StuG_40_AusfG;ventilation;rammer;stereoscope;6.43
germany:G05_StuG_40_AusfG;ventilation;camouflageNet;stereoscope;4.09
germany:G06_PzII;healthReserve;;;29.76
germany:G06_PzII;ventilation;;;24.42
germany:G06_PzII;turbocharger;;;22.71
germany:G07_Pz35t;ventilation;;;66.19
germany:G07_Pz35t;healthReserve;;;9.91
germany:G07_Pz35t;coatedOptics;;;8.5
germany:G08_Pz38t;stereoscope;ventilation;;18.98
germany:G08_Pz38t;stereoscope;camouflageNet;;11.87
germany:G08_Pz38t;turbocharger;stereoscope;;10.8
germany:G09_Hetzer;healthReserve;turbocharger;ventilation;10.04
germany:G09_Hetzer;ventilation;turbocharger;enhancedAimDrives;9.49
germany:G09_Hetzer;ventilation;camouflageNet;stereoscope;7.9
germany:G100_Gtraktor_Krupp;healthReserve;ventilation;;27.04
germany:G100_Gtraktor_Krupp;ventilation;enhancedAimDrives;;13.77
germany:G100_Gtraktor_Krupp;ventilation;turbocharger;;13.47
germany:G101_StuG_III;ventilation;camouflageNet;stereoscope;10.03
germany:G101_StuG_III;enhancedAimDrives;camouflageNet;stereoscope;7.37
germany:G101_StuG_III;additInvisibilityDevice;camouflageNet;stereoscope;5.42
germany:G102_Pz_III;healthReserve;enhancedAimDrives;;15.37
germany:G102_Pz_III;ventilation;healthReserve;;10.39
germany:G102_Pz_III;ventilation;enhancedAimDrives;;9.14
germany:G103_RU_251;commandersView;additInvisibilityDevice;coatedOptics;43.93
germany:G103_RU_251;stereoscope;ventilation;camouflageNet;4.63
germany:G103_RU_251;commandersView;ventilation;coatedOptics;3.2
germany:G104_Stug_IV;rammer;camouflageNet;stereoscope;14.31
germany:G104_Stug_IV;ventilation;rammer;stereoscope;10.33
germany:G104_Stug_IV;ventilation;camouflageNet;stereoscope;7.43
germany:G105_T-55_NVA_DDR;ventilation;aimingStabilizer;rammer;18.63
germany:G105_T-55_NVA_DDR;turbocharger;aimingStabilizer;rammer;10.35
germany:G105_T-55_NVA_DDR;turbocharger;rammer;ventilation;7.3
germany:G106_PzKpfwPanther_AusfF;turbocharger;aimingStabilizer;rammer;16.16
germany:G106_PzKpfwPanther_AusfF;ventilation;aimingStabilizer;rammer;13.83
germany:G106_PzKpfwPanther_AusfF;turbocharger;ventilation;rammer;6.39
germany:G107_PzKpfwIII_AusfK;ventilation;rammer;coatedOptics;7.35
germany:G107_PzKpfwIII_AusfK;rammer;enhancedAimDrives;coatedOptics;6.87
germany:G107_PzKpfwIII_AusfK;ventilation;turbocharger;coatedOptics;6.68
germany:G108_PzKpfwII_AusfD;healthReserve;;;36.85
germany:G108_PzKpfwII_AusfD;ventilation;;;27.23
germany:G108_PzKpfwII_AusfD;turbocharger;;;20.42
germany:G109_Steyr_WT;rammer;camouflageNet;stereoscope;21.08
germany:G109_Steyr_WT;improvedSights;rammer;coatedOptics;9.17
germany:G109_Steyr_WT;additInvisibilityDevice;camouflageNet;rammer;4.55
germany:G10_PzIII_AusfJ;healthReserve;turbocharger;enhancedAimDrives;8.6
germany:G10_PzIII_AusfJ;ventilation;healthReserve;enhancedAimDrives;7.66
germany:G10_PzIII_AusfJ;ventilation;enhancedAimDrives;coatedOptics;6.13
germany:G110_Typ_205;healthReserve;turbocharger;rammer;25.74
germany:G110_Typ_205;healthReserve;modernizedTurbochargerRotationMechanism;rammer;7.4
germany:G110_Typ_205;healthReserve;aimingStabilizer;rammer;6.2
germany:G112_KanonenJagdPanzer;rammer;ventilation;coatedOptics;37.48
germany:G112_KanonenJagdPanzer;rammer;ventilation;stereoscope;11.17
germany:G112_KanonenJagdPanzer;rammer;camouflageNet;stereoscope;10.18
germany:G112_KanonenJagdPanzer_105;rammer;ventilation;coatedOptics;15.51
germany:G112_KanonenJagdPanzer_105;rammer;ventilation;stereoscope;7.25
germany:G112_KanonenJagdPanzer_105;rammer;camouflageNet;stereoscope;6.59
germany:G113_SP_I_C;coatedOptics;additInvisibilityDevice;ventilation;20.54
germany:G113_SP_I_C;coatedOptics;turbocharger;additInvisibilityDevice;9.07
germany:G113_SP_I_C;stereoscope;additInvisibilityDevice;camouflageNet;7.19
germany:G114_Rheinmetall_Skorpian;rammer;camouflageNet;stereoscope;11.87
germany:G114_Rheinmetall_Skorpian;rammer;improvedSights;coatedOptics;10.08
germany:G114_Rheinmetall_Skorpian;rammer;enhancedAimDrives;stereoscope;6.46
germany:G114_Skorpian;improvedSights;rammer;coatedOptics;12.45
germany:G114_Skorpian;improvedSights;rotationMechanism;rammer;7.44
germany:G114_Skorpian;rammer;camouflageNet;stereoscope;6.14
germany:G115_Typ_205B;healthReserve;turbocharger;rammer;24.37
germany:G115_Typ_205B;healthReserve;aimingStabilizer;rammer;7.57
germany:G115_Typ_205B;healthReserve;modernizedTurbochargerRotationMechanism;rammer;5.81
germany:G116_Turan_III_prot;ventilation;rammer;coatedOptics;14.26
germany:G116_Turan_III_prot;ventilation;turbocharger;coatedOptics;7.39
germany:G116_Turan_III_prot;ventilation;rammer;stereoscope;7.08
germany:G117_Toldi_III;enhancedAimDrives;turbocharger;;25.51
germany:G117_Toldi_III;turbocharger;healthReserve;;13.95
germany:G118_VK4503;healthReserve;rammer;ventilation;19.71
germany:G118_VK4503;healthReserve;turbocharger;rammer;9.87
germany:G118_VK4503;healthReserve;modernizedTurbochargerRotationMechanism;rammer;9.08
germany:G119_Panzer58;turbocharger;rammer;coatedOptics;23.51
germany:G119_Panzer58;ventilation;enhancedAimDrives;rammer;13.61
germany:G119_Panzer58;ventilation;rotationMechanism;aimingStabilizer;8.04
germany:G119_Panzer58_BF;ventilation;aimingStabilizer;rammer;21.12
germany:G119_Panzer58_BF;ventilation;rammer;coatedOptics;12.07
germany:G119_Panzer58_BF;turbocharger;rammer;ventilation;7.39
germany:G119_Pz58_Mutz;ventilation;rammer;coatedOptics;11.54
germany:G119_Pz58_Mutz;ventilation;aimingStabilizer;rammer;9.49
germany:G119_Pz58_Mutz;ventilation;additInvisibilityDevice;rammer;3.7
germany:G11_Bison_I;enhancedAimDrives;stereoscope;;26.25
germany:G11_Bison_I;camouflageNet;enhancedAimDrives;;23.87
germany:G11_Bison_I;turbocharger;enhancedAimDrives;;21.24
germany:G120_M41_90;commandersView;additInvisibilityDevice;coatedOptics;36.56
germany:G120_M41_90;ventilation;turbocharger;coatedOptics;8.35
germany:G120_M41_90;coatedOptics;turbocharger;radioCommunication;5.09
germany:G120_M41_90_GrandFinal;commandersView;additInvisibilityDevice;coatedOptics;29.01
germany:G120_M41_90_GrandFinal;coatedOptics;commandersView;ventilation;7.05
germany:G120_M41_90_GrandFinal;coatedOptics;rammer;ventilation;4.26
germany:G121_Grille_15_L63;rammer;improvedSights;enhancedAimDrives;7.76
germany:G121_Grille_15_L63;rammer;improvedSights;rotationMechanism;6.28
germany:G121_Grille_15_L63;rammer;improvedSights;coatedOptics;5.94
germany:G124_Pz_Kpfw_38_K;ventilation;rammer;coatedOptics;30.62
germany:G124_Pz_Kpfw_38_K;modernizedTurbochargerRotationMechanism;rammer;coatedOptics;5.94
germany:G124_Pz_Kpfw_38_K;rammer;turbocharger;coatedOptics;4.42
germany:G125_Spz_57_Rh;commandersView;additInvisibilityDevice;coatedOptics;48.57
germany:G125_Spz_57_Rh;commandersView;additInvisibilityDevice;ventilation;6.18
germany:G125_Spz_57_Rh;commandersView;ventilation;coatedOptics;4.93
germany:G126_HWK_12;commandersView;additInvisibilityDevice;coatedOptics;34.66
germany:G126_HWK_12;rammer;camouflageNet;stereoscope;6.52
germany:G126_HWK_12;commandersView;additInvisibilityDevice;stereoscope;4.7
germany:G12_Ltraktor;;;;100
germany:G134_PzKpfw_VII;healthReserve;aimingStabilizer;rammer;19.55
germany:G134_PzKpfw_VII;healthReserve;turbocharger;rammer;11.21
germany:G134_PzKpfw_VII;healthReserve;rammer;ventilation;9.58
germany:G136_Tiger_131;healthReserve;rammer;ventilation;11.28
germany:G136_Tiger_131;healthReserve;enhancedAimDrives;rammer;7.71
germany:G136_Tiger_131;healthReserve;turbocharger;rammer;6.31
germany:G138_VK168_02;healthReserve;turbocharger;rammer;23.94
germany:G138_VK168_02;healthReserve;modernizedTurbochargerRotationMechanism;rammer;11.27
germany:G138_VK168_02;ventilation;modernizedExtraHealthReserveAntifragmentationLining;improvedSights;7.72
germany:G138_VK168_02_Mauerbrecher;healthReserve;turbocharger;rammer;26.36
germany:G138_VK168_02_Mauerbrecher;healthReserve;aimingStabilizer;rammer;8.13
germany:G138_VK168_02_Mauerbrecher;healthReserve;enhancedAimDrives;antifragmentationLining;4.54
germany:G139_MKA;ventilation;;;44.86
germany:G139_MKA;enhancedAimDrives;;;21.86
germany:G139_MKA;turbocharger;;;9.54
germany:G13_VK3001H;ventilation;rammer;coatedOptics;7.06
germany:G13_VK3001H;ventilation;turbocharger;rammer;4.7
germany:G13_VK3001H;ventilation;enhancedAimDrives;rammer;4.32
germany:G140_HWK_30;commandersView;additInvisibilityDevice;coatedOptics;42.53
germany:G140_HWK_30;commandersView;coatedOptics;ventilation;5.99
germany:G140_HWK_30;commandersView;additInvisibilityDevice;ventilation;4.46
germany:G141_VK7501K;healthReserve;aimingStabilizer;rammer;17.98
germany:G141_VK7501K;ventilation;aimingStabilizer;rammer;9.25
germany:G141_VK7501K;healthReserve;rammer;ventilation;6.27
germany:G142_M48RPz;turbocharger;healthReserve;rammer;24.9
germany:G142_M48RPz;turbocharger;rammer;ventilation;13.85
germany:G142_M48RPz;turbocharger;aimingStabilizer;rammer;11.7
germany:G143_E75_TS;ventilation;aimingStabilizer;rammer;22.07
germany:G143_E75_TS;healthReserve;aimingStabilizer;rammer;13.53
germany:G143_E75_TS;turbocharger;aimingStabilizer;rammer;7.06
germany:G144_Kpz_50t;ventilation;aimingStabilizer;rammer;22.88
germany:G144_Kpz_50t;turbocharger;aimingStabilizer;rammer;9.53
germany:G144_Kpz_50t;turbocharger;rammer;ventilation;7.62
germany:G147_Kunze_Panzer;ventilation;aimingStabilizer;rammer;9.15
germany:G147_Kunze_Panzer;ventilation;rammer;coatedOptics;6.86
germany:G147_Kunze_Panzer;ventilation;improvedSights;rammer;5.41
germany:G151_Pz_Sfl_IC;enhancedAimDrives;camouflageNet;stereoscope;20.38
germany:G151_Pz_Sfl_IC;camouflageNet;additInvisibilityDevice;stereoscope;7.27
germany:G151_Pz_Sfl_IC;stereoscope;turbocharger;camouflageNet;7.14
germany:G154_Kpz_07_RH;ventilation;aimingStabilizer;rammer;10.76
germany:G154_Kpz_07_RH;ventilation;rammer;coatedOptics;10.03
germany:G154_Kpz_07_RH;turbocharger;rammer;ventilation;9.96
germany:G158_VK2801_105_SPXXI;coatedOptics;additInvisibilityDevice;ventilation;10.5
germany:G158_VK2801_105_SPXXI;coatedOptics;rammer;ventilation;5.69
germany:G158_VK2801_105_SPXXI;coatedOptics;turbocharger;additInvisibilityDevice;4.11
germany:G159_KPZ_3_Project_07_HK;rammer;ventilation;coatedOptics;12.72
germany:G159_KPZ_3_Project_07_HK;rammer;camouflageNet;stereoscope;8.9
germany:G159_KPZ_3_Project_07_HK;rammer;ventilation;stereoscope;5.53
germany:G15_VK3601H;healthReserve;rammer;ventilation;9.91
germany:G15_VK3601H;healthReserve;turbocharger;rammer;8.44
germany:G15_VK3601H;healthReserve;enhancedAimDrives;rammer;4.95
germany:G160_Pz_Kpfw_35_R_mit_T_26_Turm;turbocharger;;;81.19
germany:G162_Project_Kpz_07P_E;healthReserve;turbocharger;rammer;18.71
germany:G162_Project_Kpz_07P_E;healthReserve;aimingStabilizer;rammer;10.98
germany:G162_Project_Kpz_07P_E;healthReserve;modernizedTurbochargerRotationMechanism;rammer;7.93
germany:G163_Pz_Kpfw_KW_Ir_mit_75mm_kwk40;healthReserve;rammer;ventilation;18.71
germany:G163_Pz_Kpfw_KW_Ir_mit_75mm_kwk40;healthReserve;turbocharger;rammer;11.38
germany:G163_Pz_Kpfw_KW_Ir_mit_75mm_kwk40;ventilation;turbocharger;rammer;7.41
germany:G164_Kpz_Pr_68_P;ventilation;aimingStabilizer;rammer;18.65
germany:G164_Kpz_Pr_68_P;turbocharger;aimingStabilizer;rammer;9.58
germany:G164_Kpz_Pr_68_P;turbocharger;rammer;ventilation;6.61
germany:G166_LKpz_70_K;commandersView;additInvisibilityDevice;coatedOptics;54.22
germany:G166_LKpz_70_K;commandersView;rammer;coatedOptics;3.8
germany:G166_LKpz_70_K;commandersView;ventilation;coatedOptics;3.74
germany:G167_Tiger_Maus_120t;healthReserve;turbocharger;rammer;24.16
germany:G167_Tiger_Maus_120t;healthReserve;aimingStabilizer;rammer;10.33
germany:G167_Tiger_Maus_120t;modernizedExtraHealthReserveAntifragmentationLining;turbocharger;rammer;7.41
germany:G168_KJpz_T_III;rammer;additInvisibilityDevice;coatedOptics;10.07
germany:G168_KJpz_T_III;rammer;ventilation;coatedOptics;9.18
germany:G168_KJpz_T_III;rammer;additInvisibilityDevice;ventilation;7.51
germany:G169_T_54D;turbocharger;aimingStabilizer;rammer;22.48
germany:G169_T_54D;modernizedTurbochargerRotationMechanism;aimingStabilizer;rammer;9.19
germany:G169_T_54D;turbocharger;rammer;ventilation;5.82
germany:G16_PzVIB_Tiger_II;healthReserve;aimingStabilizer;rammer;12.27
germany:G16_PzVIB_Tiger_II;healthReserve;turbocharger;rammer;7.78
germany:G16_PzVIB_Tiger_II;healthReserve;rammer;ventilation;6.77
germany:G170_PzKpfwIV_Ausf_F2;ventilation;rammer;coatedOptics;10.25
germany:G170_PzKpfwIV_Ausf_F2;ventilation;enhancedAimDrives;rammer;7.45
germany:G170_PzKpfwIV_Ausf_F2;turbocharger;rammer;coatedOptics;5.38
germany:G171_E77;healthReserve;aimingStabilizer;rammer;16.44
germany:G171_E77;ventilation;aimingStabilizer;rammer;12.93
germany:G171_E77;modernizedTurbochargerRotationMechanism;aimingStabilizer;rammer;10.97
germany:G172_PzVIB_Tiger_II_DIT;healthReserve;turbocharger;rammer;17.15
germany:G172_PzVIB_Tiger_II_DIT;healthReserve;rammer;ventilation;9.04
germany:G172_PzVIB_Tiger_II_DIT;ventilation;turbocharger;rammer;8.08
germany:G173_BT42_DIT;coatedOptics;aimingStabilizer;rammer;4.43
germany:G173_BT42_DIT;ventilation;aimingStabilizer;rammer;4.33
germany:G173_BT42_DIT;ventilation;additInvisibilityDevice;coatedOptics;3.79
germany:G179_Straussler_V4;ventilation;healthReserve;;11.15
germany:G179_Straussler_V4;ventilation;coatedOptics;;9.25
germany:G179_Straussler_V4;turbocharger;grousers;;9.19
germany:G17_JagdPzIV;rammer;camouflageNet;stereoscope;13.2
germany:G17_JagdPzIV;rammer;ventilation;stereoscope;5.91
germany:G17_JagdPzIV;ventilation;rammer;coatedOptics;5.33
germany:G18_JagdPanther;rammer;camouflageNet;stereoscope;10.64
germany:G18_JagdPanther;ventilation;rammer;coatedOptics;5.1
germany:G18_JagdPanther;rammer;ventilation;stereoscope;3.91
germany:G19_Wespe;enhancedAimDrives;camouflageNet;;34.12
germany:G19_Wespe;enhancedAimDrives;coatedOptics;;15.58
germany:G19_Wespe;stereoscope;enhancedAimDrives;;12.82
germany:G20_Marder_II;stereoscope;enhancedAimDrives;;23.95
germany:G20_Marder_II;stereoscope;camouflageNet;;22.13
germany:G20_Marder_II;healthReserve;stereoscope;;9.65
germany:G21_PanzerJager_I;stereoscope;;;34.98
germany:G21_PanzerJager_I;coatedOptics;;;30.42
germany:G21_PanzerJager_I;healthReserve;;;11.18
germany:G22_Sturmpanzer_II;enhancedAimDrives;turbocharger;coatedOptics;28.49
germany:G22_Sturmpanzer_II;enhancedAimDrives;turbocharger;camouflageNet;22.76
germany:G22_Sturmpanzer_II;enhancedAimDrives;turbocharger;additInvisibilityDevice;7.79
germany:G23_Grille;rammer;rotationMechanism;enhancedAimDrives;33.62
germany:G23_Grille;camouflageNet;enhancedAimDrives;rammer;19.49
germany:G23_Grille;rammer;enhancedAimDrives;coatedOptics;4.77
germany:G24_VK3002DB;ventilation;rammer;coatedOptics;12.27
germany:G24_VK3002DB;ventilation;improvedSights;rammer;7.77
germany:G24_VK3002DB;ventilation;enhancedAimDrives;rammer;5.41
germany:G25_PzII_Luchs;ventilation;turbocharger;coatedOptics;9.85
germany:G25_PzII_Luchs;ventilation;additInvisibilityDevice;coatedOptics;9.7
germany:G25_PzII_Luchs;ventilation;camouflageNet;stereoscope;6.51
germany:G26_VK1602;ventilation;additInvisibilityDevice;coatedOptics;7.9
germany:G26_VK1602;ventilation;turbocharger;coatedOptics;6.15
germany:G26_VK1602;ventilation;camouflageNet;stereoscope;4.83
germany:G27_VK3001P;healthReserve;rammer;ventilation;9.9
germany:G27_VK3001P;healthReserve;turbocharger;rammer;8.16
germany:G27_VK3001P;ventilation;rammer;coatedOptics;4.69
germany:G28_PzIII_IV;ventilation;rammer;coatedOptics;11.28
germany:G28_PzIII_IV;rammer;stereoscope;ventilation;7.11
germany:G28_PzIII_IV;rammer;enhancedAimDrives;ventilation;3.9
germany:G32_PzV_PzIV;ventilation;coatedOptics;rammer;22.74
germany:G32_PzV_PzIV;coatedOptics;modernizedTurbochargerRotationMechanism;rammer;15.22
germany:G32_PzV_PzIV;ventilation;modernizedTurbochargerRotationMechanism;rammer;9.64
germany:G33_H39_captured;turbocharger;;;45.3
germany:G33_H39_captured;ventilation;;;31.5
germany:G33_H39_captured;healthReserve;;;17.51
germany:G34_S35_captured;ventilation;turbocharger;;19.38
germany:G34_S35_captured;ventilation;healthReserve;;14.75
germany:G34_S35_captured;turbocharger;healthReserve;;13.48
germany:G35_B-1bis_captured;ventilation;turbocharger;healthReserve;35.84
germany:G35_B-1bis_captured;ventilation;healthReserve;enhancedAimDrives;16.79
germany:G35_B-1bis_captured;healthReserve;turbocharger;coatedOptics;9.14
germany:G36_PzII_J;healthReserve;turbocharger;;34.78
germany:G36_PzII_J;ventilation;turbocharger;;22.84
germany:G36_PzII_J;ventilation;healthReserve;;17.79
germany:G37_Ferdinand;rammer;turbocharger;healthReserve;8.55
germany:G37_Ferdinand;rammer;turbocharger;ventilation;4.85
germany:G37_Ferdinand;ventilation;healthReserve;rammer;3.83
germany:G39_Marder_III;enhancedAimDrives;camouflageNet;stereoscope;37.67
germany:G39_Marder_III;stereoscope;additInvisibilityDevice;camouflageNet;9.3
germany:G39_Marder_III;coatedOptics;healthReserve;enhancedAimDrives;6.57
germany:G40_Nashorn;rammer;camouflageNet;stereoscope;22.36
germany:G40_Nashorn;rammer;enhancedAimDrives;camouflageNet;4.83
germany:G40_Nashorn;rammer;improvedSights;enhancedAimDrives;4.5
germany:G41_DickerMax;rammer;camouflageNet;stereoscope;21.17
germany:G41_DickerMax;improvedSights;rammer;coatedOptics;4.93
germany:G41_DickerMax;rammer;improvedSights;stereoscope;4.37
germany:G42_Maus;healthReserve;turbocharger;rammer;32.3
germany:G42_Maus;healthReserve;modernizedTurbochargerRotationMechanism;rammer;10.59
germany:G42_Maus;healthReserve;rammer;ventilation;3.8
germany:G43_Sturer_Emil;rammer;camouflageNet;stereoscope;9.55
germany:G43_Sturer_Emil;rammer;improvedSights;enhancedAimDrives;9.17
germany:G43_Sturer_Emil;rammer;enhancedAimDrives;camouflageNet;4.79
germany:G44_JagdTiger;rammer;turbocharger;healthReserve;8.63
germany:G44_JagdTiger;rammer;healthReserve;ventilation;7.37
germany:G44_JagdTiger;rammer;turbocharger;ventilation;4.82
germany:G44_JagdTigerH;rammer;turbocharger;healthReserve;13.69
germany:G44_JagdTigerH;rammer;turbocharger;ventilation;12.75
germany:G44_JagdTigerH;rammer;turbocharger;rotationMechanism;7.68
germany:G45_G_Tiger;rammer;rotationMechanism;enhancedAimDrives;46.56
germany:G45_G_Tiger;rammer;enhancedAimDrives;camouflageNet;18.86
germany:G45_G_Tiger;rammer;turbocharger;enhancedAimDrives;12.51
germany:G46_T-25;ventilation;rammer;coatedOptics;8.27
germany:G46_T-25;rammer;rotationMechanism;enhancedAimDrives;6.57
germany:G46_T-25;ventilation;rotationMechanism;rammer;4.64
germany:G48_E-25;rammer;coatedOptics;ventilation;13.49
germany:G48_E-25;rammer;camouflageNet;stereoscope;11.52
germany:G48_E-25;ventilation;additInvisibilityDevice;coatedOptics;7.77
germany:G49_G_Panther;rammer;rotationMechanism;enhancedAimDrives;54.35
germany:G49_G_Panther;rammer;enhancedAimDrives;camouflageNet;19.24
germany:G49_G_Panther;rammer;turbocharger;enhancedAimDrives;5.78
germany:G50_T-15;stereoscope;ventilation;;23.06
germany:G50_T-15;healthReserve;turbocharger;;16.99
germany:G50_T-15;ventilation;coatedOptics;;11.71
germany:G51_Lowe;ventilation;aimingStabilizer;rammer;16.43
germany:G51_Lowe;healthReserve;aimingStabilizer;rammer;12.74
germany:G51_Lowe;healthReserve;turbocharger;rammer;6.5
germany:G52_Pz38_NA;ventilation;additInvisibilityDevice;coatedOptics;16.58
germany:G52_Pz38_NA;ventilation;turbocharger;coatedOptics;14.77
germany:G52_Pz38_NA;ventilation;camouflageNet;stereoscope;7.68
germany:G53_PzI;ventilation;;;74.95
germany:G53_PzI;turbocharger;;;14.7
germany:G54_E-50;turbocharger;aimingStabilizer;rammer;13.76
germany:G54_E-50;turbocharger;healthReserve;rammer;11.47
germany:G54_E-50;turbocharger;rammer;ventilation;10.3
germany:G55_E-75;healthReserve;aimingStabilizer;rammer;19.38
germany:G55_E-75;healthReserve;turbocharger;rammer;10.45
germany:G55_E-75;healthReserve;rammer;ventilation;7.43
germany:G56_E-100;healthReserve;aimingStabilizer;rammer;25.59
germany:G56_E-100;healthReserve;turbocharger;rammer;9.06
germany:G56_E-100;healthReserve;rammer;ventilation;7.72
germany:G57_PzVI_Tiger_P;healthReserve;turbocharger;rammer;13.09
germany:G57_PzVI_Tiger_P;healthReserve;rammer;ventilation;11.47
germany:G57_PzVI_Tiger_P;healthReserve;rotationMechanism;rammer;5.08
germany:G58_VK4502P;healthReserve;aimingStabilizer;rammer;19
germany:G58_VK4502P;healthReserve;turbocharger;rammer;12.56
germany:G58_VK4502P;healthReserve;rammer;ventilation;9.77
germany:G61_G_E;rammer;rotationMechanism;enhancedAimDrives;50.88
germany:G61_G_E;rammer;enhancedAimDrives;camouflageNet;13.94
germany:G61_G_E;rammer;modernizedTurbochargerRotationMechanism;enhancedAimDrives;12.56
germany:G63_PzI_ausf_C;ventilation;turbocharger;;15.29
germany:G63_PzI_ausf_C;turbocharger;grousers;;15.27
germany:G63_PzI_ausf_C;healthReserve;turbocharger;;10.17
germany:G64_Panther_II;turbocharger;aimingStabilizer;rammer;8.19
germany:G64_Panther_II;ventilation;aimingStabilizer;rammer;7.28
germany:G64_Panther_II;turbocharger;rammer;ventilation;6.75
germany:G65_JagdTiger_SdKfz_185;rammer;camouflageNet;stereoscope;7.2
germany:G65_JagdTiger_SdKfz_185;rammer;turbocharger;healthReserve;6.98
germany:G65_JagdTiger_SdKfz_185;rammer;turbocharger;ventilation;6.52
germany:G66_VK2801;coatedOptics;additInvisibilityDevice;ventilation;12.41
germany:G66_VK2801;stereoscope;ventilation;camouflageNet;5.93
germany:G66_VK2801;coatedOptics;turbocharger;additInvisibilityDevice;4.82
germany:G67_VK4502A;healthReserve;aimingStabilizer;rammer;17.05
germany:G67_VK4502A;healthReserve;turbocharger;rammer;11.4
germany:G67_VK4502A;healthReserve;rammer;ventilation;8.07
germany:G70_PzIV_Hydro;stereoscope;rotationMechanism;ventilation;11.07
germany:G70_PzIV_Hydro;ventilation;rammer;coatedOptics;10.91
germany:G70_PzIV_Hydro;modernizedTurbochargerRotationMechanism;stereoscope;rammer;3.4
germany:G71_JagdPantherII;rammer;improvedSights;ventilation;6.41
germany:G71_JagdPantherII;rammer;enhancedAimDrives;ventilation;4.67
germany:G71_JagdPantherII;rammer;turbocharger;ventilation;4.6
germany:G72_JagdPz_E100;rammer;improvedSights;ventilation;6.5
germany:G72_JagdPz_E100;rammer;enhancedAimDrives;ventilation;5.58
germany:G72_JagdPz_E100;rammer;turbocharger;healthReserve;5.37
germany:G73_E50_Ausf_M;turbocharger;healthReserve;rammer;12.1
germany:G73_E50_Ausf_M;turbocharger;aimingStabilizer;rammer;11.78
germany:G73_E50_Ausf_M;ventilation;aimingStabilizer;rammer;9.18
germany:G76_Pz_Sfl_IVc;rammer;camouflageNet;stereoscope;29.97
germany:G76_Pz_Sfl_IVc;enhancedAimDrives;rammer;stereoscope;6.47
germany:G76_Pz_Sfl_IVc;rammer;enhancedAimDrives;camouflageNet;5.33
germany:G77_PzIV_Schmalturm;turbocharger;rammer;coatedOptics;11.67
germany:G77_PzIV_Schmalturm;ventilation;turbocharger;rammer;10.06
germany:G77_PzIV_Schmalturm;ventilation;rammer;coatedOptics;7.86
germany:G78_Panther_M10;ventilation;rammer;coatedOptics;10.43
germany:G78_Panther_M10;turbocharger;rammer;coatedOptics;7.94
germany:G78_Panther_M10;turbocharger;rammer;ventilation;7.92
germany:G80_Pz_IV_AusfD;ventilation;enhancedAimDrives;coatedOptics;17.06
germany:G80_Pz_IV_AusfD;stereoscope;enhancedAimDrives;camouflageNet;8.29
germany:G80_Pz_IV_AusfD;enhancedAimDrives;healthReserve;camouflageNet;7.46
germany:G81_Pz_IV_AusfH;ventilation;rammer;coatedOptics;7.94
germany:G81_Pz_IV_AusfH;ventilation;enhancedAimDrives;rammer;7.8
germany:G81_Pz_IV_AusfH;ventilation;improvedSights;rammer;3.34
germany:G81_Pz_IV_AusfH_GuP;ventilation;rammer;coatedOptics;18.95
germany:G81_Pz_IV_AusfH_GuP;ventilation;turbocharger;rammer;5.1
germany:G81_Pz_IV_AusfH_GuP;ventilation;enhancedAimDrives;rammer;4.26
germany:G82_Pz_II_AusfG;ventilation;turbocharger;;12.42
germany:G82_Pz_II_AusfG;ventilation;enhancedAimDrives;;10.65
germany:G82_Pz_II_AusfG;healthReserve;turbocharger;;8.13
germany:G83_Pz_IV_AusfA;grousers;turbocharger;;11.83
germany:G83_Pz_IV_AusfA;stereoscope;ventilation;;11.43
germany:G83_Pz_IV_AusfA;enhancedAimDrives;healthReserve;;10.72
germany:G85_Auf_Panther;coatedOptics;turbocharger;additInvisibilityDevice;29.92
germany:G85_Auf_Panther;coatedOptics;turbocharger;rammer;13.96
germany:G85_Auf_Panther;modernizedTurbochargerRotationMechanism;ventilation;coatedOptics;8.78
germany:G86_VK2001DB;ventilation;enhancedAimDrives;coatedOptics;11.82
germany:G86_VK2001DB;coatedOptics;enhancedAimDrives;stereoscope;10.95
germany:G86_VK2001DB;healthReserve;turbocharger;ventilation;8.13
germany:G87_VK3002DB_V1;ventilation;rammer;coatedOptics;15.88
germany:G87_VK3002DB_V1;ventilation;modernizedTurbochargerRotationMechanism;coatedOptics;4.51
germany:G87_VK3002DB_V1;modernizedTurbochargerRotationMechanism;additInvisibilityDevice;stereoscope;4.2
germany:G88_Indien_Panzer;ventilation;aimingStabilizer;rammer;13.74
germany:G88_Indien_Panzer;turbocharger;aimingStabilizer;rammer;5.63
germany:G88_Indien_Panzer;ventilation;rammer;coatedOptics;5.17
germany:G89_Leopard1;ventilation;aimingStabilizer;rammer;23.92
germany:G89_Leopard1;ventilation;coatedOptics;rammer;9.22
germany:G89_Leopard1;ventilation;additInvisibilityDevice;rammer;8.23
germany:G90_DW_II;ventilation;healthReserve;enhancedAimDrives;17.42
germany:G90_DW_II;healthReserve;turbocharger;ventilation;13.99
germany:G90_DW_II;healthReserve;turbocharger;grousers;9.17
germany:G91_Pro_Ag_A;ventilation;aimingStabilizer;rammer;18.68
germany:G91_Pro_Ag_A;ventilation;improvedSights;rammer;6.68
germany:G91_Pro_Ag_A;ventilation;rammer;coatedOptics;5.62
germany:G92_VK7201;healthReserve;aimingStabilizer;rammer;29.44
germany:G92_VK7201;healthReserve;turbocharger;rammer;15.8
germany:G92_VK7201;turbocharger;aimingStabilizer;rammer;8.44
germany:G93_GW_Mk_VIe;enhancedAimDrives;;;81.48
germany:G93_GW_Mk_VIe;coatedOptics;;;18.52
germany:G94_GW_Tiger_P;rammer;rotationMechanism;enhancedAimDrives;48.05
germany:G94_GW_Tiger_P;rammer;turbocharger;enhancedAimDrives;14.31
germany:G94_GW_Tiger_P;rammer;enhancedAimDrives;camouflageNet;14.2
germany:G95_Pz_Sfl_IVb;enhancedAimDrives;camouflageNet;stereoscope;30.09
germany:G95_Pz_Sfl_IVb;enhancedAimDrives;camouflageNet;coatedOptics;15.96
germany:G95_Pz_Sfl_IVb;enhancedAimDrives;turbocharger;camouflageNet;12.72
germany:G96_VK3002M;ventilation;rammer;coatedOptics;13.67
germany:G96_VK3002M;turbocharger;rammer;ventilation;5.87
germany:G96_VK3002M;ventilation;enhancedAimDrives;rammer;4.3
germany:G97_Waffentrager_IV;rammer;camouflageNet;stereoscope;10.02
germany:G97_Waffentrager_IV;improvedSights;rammer;coatedOptics;6.5
germany:G97_Waffentrager_IV;rammer;improvedSights;enhancedAimDrives;5.84
germany:G98_Waffentrager_E100;improvedSights;turbocharger;rotationMechanism;10.19
germany:G98_Waffentrager_E100;improvedSights;turbocharger;healthReserve;8.42
germany:G98_Waffentrager_E100;rotationMechanism;turbocharger;healthReserve;5.78
germany:G99_RhB_Waffentrager;rammer;camouflageNet;stereoscope;9.78
germany:G99_RhB_Waffentrager;rammer;improvedSights;enhancedAimDrives;5.35
germany:G99_RhB_Waffentrager;improvedSights;turbocharger;rammer;5.16
italy:It03_M15_42;healthReserve;turbocharger;;17.9
italy:It03_M15_42;ventilation;healthReserve;;14.26
italy:It03_M15_42;turbocharger;ventilation;;14.05
italy:It04_Fiat_3000;;;;100
italy:It05_Carro_L6_40;ventilation;;;31.15
italy:It05_Carro_L6_40;turbocharger;;;30.75
italy:It05_Carro_L6_40;healthReserve;;;14.29
italy:It06_M14_41;healthReserve;;;32.68
italy:It06_M14_41;turbocharger;;;29.55
italy:It06_M14_41;ventilation;;;21.94
italy:It07_P26_40;turbocharger;healthReserve;enhancedAimDrives;11.62
italy:It07_P26_40;ventilation;turbocharger;coatedOptics;11.41
italy:It07_P26_40;ventilation;turbocharger;enhancedAimDrives;8.47
italy:It08_Progetto_M40_mod_65;ventilation;improvedSights;aimingStabilizer;8.65
italy:It08_Progetto_M40_mod_65;ventilation;aimingStabilizer;coatedOptics;7.5
italy:It08_Progetto_M40_mod_65;ventilation;modernizedAimDrivesAimingStabilizer;aimingStabilizer;4.47
italy:It09_P43_ter;ventilation;rammer;coatedOptics;9.13
italy:It09_P43_ter;ventilation;aimingStabilizer;rammer;4.97
italy:It09_P43_ter;turbocharger;rammer;ventilation;4.89
italy:It10_P43_bis;ventilation;rammer;coatedOptics;12.87
italy:It10_P43_bis;turbocharger;rammer;coatedOptics;6.28
italy:It10_P43_bis;turbocharger;rammer;ventilation;5.47
italy:It11_P43;ventilation;rammer;coatedOptics;10.8
italy:It11_P43;ventilation;enhancedAimDrives;rammer;9
italy:It11_P43;ventilation;healthReserve;rammer;3.82
italy:It12_Prototipo_Standard_B;ventilation;improvedSights;aimingStabilizer;10.67
italy:It12_Prototipo_Standard_B;ventilation;aimingStabilizer;coatedOptics;9.98
italy:It12_Prototipo_Standard_B;turbocharger;aimingStabilizer;ventilation;4.37
italy:It13_Progetto_M35_mod_46;ventilation;aimingStabilizer;coatedOptics;19
italy:It13_Progetto_M35_mod_46;turbocharger;aimingStabilizer;ventilation;8.36
italy:It13_Progetto_M35_mod_46;turbocharger;aimingStabilizer;coatedOptics;5.39
italy:It13_Progetto_M35_mod_46_LE;ventilation;aimingStabilizer;coatedOptics;13.18
italy:It13_Progetto_M35_mod_46_LE;turbocharger;aimingStabilizer;ventilation;9.29
italy:It13_Progetto_M35_mod_46_LE;ventilation;improvedSights;aimingStabilizer;7.34
italy:It14_P44_Pantera;ventilation;aimingStabilizer;coatedOptics;12.21
italy:It14_P44_Pantera;ventilation;improvedSights;aimingStabilizer;8.45
italy:It14_P44_Pantera;turbocharger;aimingStabilizer;ventilation;4.03
italy:It15_Rinoceronte;ventilation;turbocharger;aimingStabilizer;10.83
italy:It15_Rinoceronte;ventilation;modernizedTurbochargerRotationMechanism;aimingStabilizer;9.78
italy:It15_Rinoceronte;ventilation;improvedSights;aimingStabilizer;6.55
italy:It16_Carro_d_assalto_P88;healthReserve;rammer;ventilation;10.03
italy:It16_Carro_d_assalto_P88;ventilation;enhancedAimDrives;rammer;6.95
italy:It16_Carro_d_assalto_P88;healthReserve;turbocharger;rammer;6.36
italy:It17_Progetto_CC55_mod_54;ventilation;improvedSights;aimingStabilizer;9.38
italy:It17_Progetto_CC55_mod_54;ventilation;turbocharger;aimingStabilizer;4.59
italy:It17_Progetto_CC55_mod_54;healthReserve;aimingStabilizer;ventilation;4.25
italy:It18_Progetto_C45_mod_71;ventilation;improvedSights;aimingStabilizer;17.04
italy:It18_Progetto_C45_mod_71;ventilation;rotationMechanism;aimingStabilizer;7.67
italy:It18_Progetto_C45_mod_71;healthReserve;aimingStabilizer;ventilation;5.68
italy:It19_Progetto_C50_mod_66;healthReserve;aimingStabilizer;ventilation;7.6
italy:It19_Progetto_C50_mod_66;healthReserve;turbocharger;aimingStabilizer;7.22
italy:It19_Progetto_C50_mod_66;ventilation;improvedSights;aimingStabilizer;5.83
italy:It20_Carro_Combattimento_45t;ventilation;improvedSights;aimingStabilizer;16.06
italy:It20_Carro_Combattimento_45t;ventilation;modernizedAimDrivesAimingStabilizer;aimingStabilizer;14.48
italy:It20_Carro_Combattimento_45t;ventilation;modernizedTurbochargerRotationMechanism;aimingStabilizer;8.29
italy:It21_Lion;turbocharger;aimingStabilizer;ventilation;10.79
italy:It21_Lion;modernizedTurbochargerRotationMechanism;modernizedAimDrivesAimingStabilizer;aimingStabilizer;10.06
italy:It21_Lion;ventilation;modernizedAimDrivesAimingStabilizer;aimingStabilizer;8.95
italy:It23_CC_3;improvedSights;turbocharger;healthReserve;8.9
italy:It23_CC_3;improvedSights;turbocharger;ventilation;5.89
italy:It23_CC_3;improvedSights;modernizedTurbochargerRotationMechanism;ventilation;5.1
italy:It24_Controcarro_1_Mk2;improvedSights;turbocharger;ventilation;6.85
italy:It24_Controcarro_1_Mk2;ventilation;improvedSights;healthReserve;5.7
italy:It24_Controcarro_1_Mk2;improvedSights;turbocharger;healthReserve;5.45
italy:It26_CC_56;improvedSights;healthReserve;ventilation;5.72
italy:It26_CC_56;ventilation;improvedSights;enhancedAimDrives;5.39
italy:It26_CC_56;rotationMechanism;turbocharger;ventilation;4.16
italy:It27_M43_da_105_25_Bassoto;rammer;camouflageNet;stereoscope;8.29
italy:It27_M43_da_105_25_Bassoto;ventilation;rammer;coatedOptics;6.2
italy:It27_M43_da_105_25_Bassoto;rammer;stereoscope;ventilation;6.04
italy:It28_Semovente_M41_Da_75_18;rammer;camouflageNet;stereoscope;10.81
italy:It28_Semovente_M41_Da_75_18;ventilation;rammer;stereoscope;6.12
italy:It28_Semovente_M41_Da_75_18;ventilation;camouflageNet;stereoscope;5.65
italy:It29_Carro_Celere_Sahariano;enhancedAimDrives;healthReserve;;19.78
italy:It29_Carro_Celere_Sahariano;turbocharger;healthReserve;;8.19
italy:It29_Carro_Celere_Sahariano;ventilation;healthReserve;;8.15
italy:It30_CC_mod_64_Prem;improvedSights;turbocharger;ventilation;9.96
italy:It30_CC_mod_64_Prem;improvedSights;turbocharger;rotationMechanism;6.42
italy:It30_CC_mod_64_Prem;improvedSights;healthReserve;ventilation;5.48
italy:It31_CC_67_B;ventilation;improvedSights;enhancedAimDrives;5.89
italy:It31_CC_67_B;improvedSights;healthReserve;ventilation;5.46
italy:It31_CC_67_B;improvedSights;turbocharger;healthReserve;4.95
italy:It34_Toro;healthReserve;aimingStabilizer;ventilation;13.29
italy:It34_Toro;ventilation;turbocharger;aimingStabilizer;10.36
italy:It34_Toro;healthReserve;turbocharger;aimingStabilizer;7.67
italy:It35_Felice;turbocharger;aimingStabilizer;rammer;15.66
italy:It35_Felice;ventilation;aimingStabilizer;rammer;14.65
italy:It35_Felice;modernizedTurbochargerRotationMechanism;aimingStabilizer;rammer;7.8
japan:J01_NC27;;;;100
japan:J02_Te_Ke;stereoscope;;;32.8
japan:J02_Te_Ke;healthReserve;;;20.52
japan:J02_Te_Ke;ventilation;;;17.71
japan:J03_Ha_Go;healthReserve;;;32.42
japan:J03_Ha_Go;coatedOptics;;;13.34
japan:J03_Ha_Go;enhancedAimDrives;;;12.65
japan:J04_Ke_Ni;stereoscope;ventilation;;25.42
japan:J04_Ke_Ni;camouflageNet;stereoscope;;21.4
japan:J04_Ke_Ni;additInvisibilityDevice;stereoscope;;8.53
japan:J06_Ke_Ho;coatedOptics;ventilation;stereoscope;12.33
japan:J06_Ke_Ho;ventilation;turbocharger;stereoscope;7.87
japan:J06_Ke_Ho;ventilation;stereoscope;enhancedAimDrives;6.92
japan:J07_Chi_Ha;turbocharger;healthReserve;;13.42
japan:J07_Chi_Ha;ventilation;enhancedAimDrives;;9.61
japan:J07_Chi_Ha;turbocharger;ventilation;;9.45
japan:J08_Chi_Nu;ventilation;rammer;coatedOptics;9.88
japan:J08_Chi_Nu;ventilation;enhancedAimDrives;rammer;5.52
japan:J08_Chi_Nu;rammer;turbocharger;coatedOptics;3.4
japan:J09_Chi_He;ventilation;enhancedAimDrives;coatedOptics;10.98
japan:J09_Chi_He;healthReserve;enhancedAimDrives;ventilation;7.13
japan:J09_Chi_He;ventilation;turbocharger;coatedOptics;6.58
japan:J10_Chi_To;ventilation;rammer;coatedOptics;10.2
japan:J10_Chi_To;turbocharger;rammer;ventilation;5.99
japan:J10_Chi_To;turbocharger;rammer;coatedOptics;5.76
japan:J11_Chi_Ri;turbocharger;rammer;ventilation;10.1
japan:J11_Chi_Ri;ventilation;rammer;coatedOptics;9.07
japan:J11_Chi_Ri;turbocharger;rammer;coatedOptics;4.85
japan:J12_Chi_Nu_Kai;ventilation;rammer;coatedOptics;10.97
japan:J12_Chi_Nu_Kai;ventilation;enhancedAimDrives;rammer;8.98
japan:J12_Chi_Nu_Kai;rammer;turbocharger;coatedOptics;4.94
japan:J13_STA_1;ventilation;aimingStabilizer;rammer;9.34
japan:J13_STA_1;ventilation;rammer;coatedOptics;6.02
japan:J13_STA_1;turbocharger;aimingStabilizer;rammer;5.68
japan:J14_Type_61;ventilation;aimingStabilizer;rammer;12.72
japan:J14_Type_61;ventilation;improvedSights;rammer;7.42
japan:J14_Type_61;ventilation;rammer;coatedOptics;5.7
japan:J15_Chi_Ni;ventilation;;;36.43
japan:J15_Chi_Ni;turbocharger;;;25
japan:J16_ST_B1;ventilation;aimingStabilizer;rammer;23.17
japan:J16_ST_B1;turbocharger;aimingStabilizer;rammer;13.54
japan:J16_ST_B1;turbocharger;rammer;ventilation;7.48
japan:J18_STA_2_3;ventilation;aimingStabilizer;rammer;14.59
japan:J18_STA_2_3;ventilation;rammer;coatedOptics;8.33
japan:J18_STA_2_3;turbocharger;aimingStabilizer;rammer;6.56
japan:J19_Tiger_I_Jpn;healthReserve;rammer;ventilation;14.31
japan:J19_Tiger_I_Jpn;ventilation;rammer;coatedOptics;7.87
japan:J19_Tiger_I_Jpn;ventilation;enhancedAimDrives;rammer;6.21
japan:J20_Type_2605;healthReserve;turbocharger;rammer;21.88
japan:J20_Type_2605;healthReserve;aimingStabilizer;rammer;6.88
japan:J20_Type_2605;healthReserve;modernizedTurbochargerRotationMechanism;rammer;6.5
japan:J21_Type_91;coatedOptics;ventilation;;19.42
japan:J21_Type_91;healthReserve;grousers;;19.09
japan:J21_Type_91;stereoscope;ventilation;;15.21
japan:J22_Type_95;ventilation;turbocharger;healthReserve;19.25
japan:J22_Type_95;ventilation;turbocharger;enhancedAimDrives;13.62
japan:J22_Type_95;healthReserve;turbocharger;stereoscope;11.74
japan:J23_Mi_To;ventilation;enhancedAimDrives;rammer;10.04
japan:J23_Mi_To;healthReserve;turbocharger;rammer;8.46
japan:J23_Mi_To;rammer;ventilation;antifragmentationLining;7.81
japan:J24_Mi_To_130_tons;healthReserve;turbocharger;rammer;11.23
japan:J24_Mi_To_130_tons;healthReserve;rammer;antifragmentationLining;6.04
japan:J24_Mi_To_130_tons;healthReserve;rammer;ventilation;6.02
japan:J25_Type_4;healthReserve;turbocharger;rammer;18.94
japan:J25_Type_4;healthReserve;rammer;ventilation;6.26
japan:J25_Type_4;healthReserve;aimingStabilizer;rammer;6.12
japan:J26_Type_89;stereoscope;;;36.18
japan:J26_Type_89;turbocharger;;;25.49
japan:J26_Type_89;grousers;;;12.01
japan:J27_O_I_120;healthReserve;turbocharger;rammer;10.89
japan:J27_O_I_120;healthReserve;rammer;ventilation;8.51
japan:J27_O_I_120;healthReserve;enhancedAimDrives;rammer;4.5
japan:J28_O_I_100;healthReserve;turbocharger;rammer;10.57
japan:J28_O_I_100;healthReserve;rammer;antifragmentationLining;8.09
japan:J28_O_I_100;healthReserve;rammer;ventilation;6.49
japan:J29_Nameless;ventilation;aimingStabilizer;rammer;16.75
japan:J29_Nameless;healthReserve;aimingStabilizer;rammer;7.26
japan:J29_Nameless;ventilation;turbocharger;rammer;6.92
japan:J30_Edelweiss;ventilation;commandersView;coatedOptics;23.55
japan:J30_Edelweiss;turbocharger;coatedOptics;rammer;16.41
japan:J30_Edelweiss;ventilation;rammer;coatedOptics;7.69
japan:J31_Type_5_KaRi;rammer;turbocharger;ventilation;13.86
japan:J31_Type_5_KaRi;rammer;improvedSights;ventilation;13.68
japan:J31_Type_5_KaRi;rammer;modernizedTurbochargerRotationMechanism;ventilation;7.93
japan:J32_Chi_To_SPG;rammer;turbocharger;ventilation;17.59
japan:J32_Chi_To_SPG;rammer;camouflageNet;stereoscope;4.87
japan:J32_Chi_To_SPG;rammer;modernizedTurbochargerRotationMechanism;ventilation;4.16
japan:J33_Ho_Ri_2;rammer;turbocharger;ventilation;15.47
japan:J33_Ho_Ri_2;rammer;turbocharger;rotationMechanism;6.18
japan:J33_Ho_Ri_2;rammer;turbocharger;healthReserve;4.78
japan:J34_Ho_Ri_1;rammer;turbocharger;ventilation;18.05
japan:J34_Ho_Ri_1;rammer;turbocharger;rotationMechanism;7.8
japan:J34_Ho_Ri_1;rammer;turbocharger;healthReserve;7.48
japan:J35_Ho_Ri_3;rammer;turbocharger;ventilation;17.54
japan:J35_Ho_Ri_3;rammer;modernizedTurbochargerRotationMechanism;ventilation;12.23
japan:J35_Ho_Ri_3;rammer;turbocharger;healthReserve;7.97
japan:J36_Type_63_HT;ventilation;turbocharger;rammer;16.34
japan:J36_Type_63_HT;healthReserve;turbocharger;rammer;14.42
japan:J36_Type_63_HT;ventilation;aimingStabilizer;rammer;11.1
japan:J37_Type_3_Ho_Ni_III;rammer;camouflageNet;stereoscope;13.3
japan:J37_Type_3_Ho_Ni_III;ventilation;rammer;stereoscope;11.79
japan:J37_Type_3_Ho_Ni_III;ventilation;camouflageNet;stereoscope;5.06
japan:J38_Type_95_Ji_Ro;ventilation;turbocharger;rammer;10.11
japan:J38_Type_95_Ji_Ro;rammer;camouflageNet;stereoscope;9.38
japan:J38_Type_95_Ji_Ro;rammer;turbocharger;stereoscope;4.57
japan:J39_Type_57;healthReserve;turbocharger;rammer;13.07
japan:J39_Type_57;ventilation;turbocharger;rammer;8.02
japan:J39_Type_57;healthReserve;aimingStabilizer;rammer;6.78
japan:J40_Type_71;healthReserve;turbocharger;rammer;16.24
japan:J40_Type_71;ventilation;turbocharger;rammer;7.18
japan:J40_Type_71;healthReserve;modernizedTurbochargerRotationMechanism;rammer;6.75
japan:J41_Type_68;healthReserve;turbocharger;rammer;14.06
japan:J41_Type_68;ventilation;turbocharger;rammer;9.06
japan:J41_Type_68;ventilation;aimingStabilizer;rammer;6.92
japan:J43_Type_4_Ju-To;healthReserve;turbocharger;rammer;13.47
japan:J43_Type_4_Ju-To;healthReserve;rammer;ventilation;13.24
japan:J43_Type_4_Ju-To;ventilation;enhancedAimDrives;rammer;6.28
japan:J44_Type_3_Ju_Nu;healthReserve;turbocharger;rammer;13.61
japan:J44_Type_3_Ju_Nu;healthReserve;rammer;ventilation;10.51
japan:J44_Type_3_Ju_Nu;ventilation;enhancedAimDrives;rammer;5.47
japan:J45_Mitsu_108;ventilation;healthReserve;rammer;7.08
japan:J45_Mitsu_108;ventilation;enhancedAimDrives;rammer;6
japan:J45_Mitsu_108;healthReserve;enhancedAimDrives;rammer;5.57
japan:J50_Type_1_Ho_Ni_II;enhancedAimDrives;camouflageNet;stereoscope;14.44
japan:J50_Type_1_Ho_Ni_II;enhancedAimDrives;turbocharger;stereoscope;11.29
japan:J50_Type_1_Ho_Ni_II;enhancedAimDrives;turbocharger;coatedOptics;7.24
poland:Pl01_TKS_20mm;ventilation;;;35.46
poland:Pl01_TKS_20mm;grousers;;;19.72
poland:Pl01_TKS_20mm;turbocharger;;;10.5
poland:Pl03_PzV_Poland;ventilation;rammer;coatedOptics;22.54
poland:Pl03_PzV_Poland;turbocharger;rammer;coatedOptics;5.8
poland:Pl03_PzV_Poland;turbocharger;rammer;ventilation;5.6
poland:Pl05_50TP_Tyszkiewicza;healthReserve;aimingStabilizer;rammer;28.4
poland:Pl05_50TP_Tyszkiewicza;ventilation;aimingStabilizer;rammer;7.7
poland:Pl05_50TP_Tyszkiewicza;healthReserve;turbocharger;rammer;6.7
poland:Pl06_10TP;coatedOptics;stereoscope;;14.52
poland:Pl06_10TP;ventilation;enhancedAimDrives;;12.42
poland:Pl06_10TP;ventilation;coatedOptics;;8.68
poland:Pl07_14TP;ventilation;enhancedAimDrives;coatedOptics;8.83
poland:Pl07_14TP;ventilation;turbocharger;enhancedAimDrives;8.72
poland:Pl07_14TP;ventilation;turbocharger;coatedOptics;7.16
poland:Pl08_50TP_Prototyp_Resilient;healthReserve;aimingStabilizer;rammer;27.94
poland:Pl08_50TP_Prototyp_Resilient;ventilation;modernizedTurbochargerRotationMechanism;rammer;16.55
poland:Pl08_50TP_Prototyp_Resilient;ventilation;aimingStabilizer;rammer;14.87
poland:Pl08_50TP_prototyp;ventilation;aimingStabilizer;rammer;19.64
poland:Pl08_50TP_prototyp;healthReserve;aimingStabilizer;rammer;19
poland:Pl08_50TP_prototyp;healthReserve;turbocharger;rammer;4.11
poland:Pl09_7TP;healthReserve;;;51.62
poland:Pl09_7TP;ventilation;;;18.57
poland:Pl09_7TP;turbocharger;;;10.99
poland:Pl10_40TP_Habicha;turbocharger;rammer;ventilation;9.5
poland:Pl10_40TP_Habicha;ventilation;rammer;coatedOptics;9.42
poland:Pl10_40TP_Habicha;ventilation;enhancedAimDrives;rammer;5.64
poland:Pl11_45TP_Habicha;healthReserve;rammer;ventilation;12.3
poland:Pl11_45TP_Habicha;ventilation;improvedSights;rammer;9.78
poland:Pl11_45TP_Habicha;healthReserve;turbocharger;rammer;9.21
poland:Pl12_25TP_KSUST_II;ventilation;rammer;coatedOptics;11.24
poland:Pl12_25TP_KSUST_II;ventilation;enhancedAimDrives;rammer;8.13
poland:Pl12_25TP_KSUST_II;ventilation;rotationMechanism;rammer;4.67
poland:Pl13_53TP_Markowskiego;healthReserve;aimingStabilizer;rammer;23.83
poland:Pl13_53TP_Markowskiego;healthReserve;turbocharger;rammer;6.72
poland:Pl13_53TP_Markowskiego;healthReserve;rammer;ventilation;6.38
poland:Pl14_4TP;;;;100
poland:Pl15_60TP_Lewandowskiego;healthReserve;aimingStabilizer;rammer;24.95
poland:Pl15_60TP_Lewandowskiego;healthReserve;turbocharger;rammer;6.55
poland:Pl15_60TP_Lewandowskiego;ventilation;aimingStabilizer;rammer;6.11
poland:Pl16_T34_85_Rudy;ventilation;rammer;coatedOptics;30.45
poland:Pl16_T34_85_Rudy;turbocharger;rammer;coatedOptics;7.95
poland:Pl16_T34_85_Rudy;rotationMechanism;rammer;coatedOptics;7.69
poland:Pl17_DS_PZlnz;ventilation;rammer;coatedOptics;14.53
poland:Pl17_DS_PZlnz;ventilation;enhancedAimDrives;rammer;6.38
poland:Pl17_DS_PZlnz;rammer;rotationMechanism;enhancedAimDrives;6.23
poland:Pl18_BUGI;ventilation;rammer;coatedOptics;10.12
poland:Pl18_BUGI;turbocharger;rammer;ventilation;8.59
poland:Pl18_BUGI;ventilation;improvedSights;rammer;8.49
poland:Pl19_CS_52_LIS;ventilation;aimingStabilizer;rammer;18.67
poland:Pl19_CS_52_LIS;turbocharger;aimingStabilizer;rammer;11.53
poland:Pl19_CS_52_LIS;aimingStabilizer;rammer;coatedOptics;9.13
poland:Pl20_CS_44;ventilation;rammer;coatedOptics;21.56
poland:Pl20_CS_44;turbocharger;rammer;coatedOptics;7.55
poland:Pl20_CS_44;turbocharger;rammer;ventilation;4.36
poland:Pl21_CS_63;turbocharger;aimingStabilizer;rammer;17.66
poland:Pl21_CS_63;ventilation;aimingStabilizer;rammer;14.6
poland:Pl21_CS_63;turbocharger;rammer;ventilation;8.35
poland:Pl21_CS_63_OSP3;turbocharger;healthReserve;rammer;23.85
poland:Pl21_CS_63_OSP3;turbocharger;aimingStabilizer;rammer;14.53
poland:Pl21_CS_63_OSP3;aimingStabilizer;healthReserve;rammer;14
poland:Pl22_CS_59;ventilation;aimingStabilizer;rammer;16.15
poland:Pl22_CS_59;turbocharger;aimingStabilizer;rammer;11.53
poland:Pl22_CS_59;turbocharger;rammer;ventilation;5.71
poland:Pl23_CS_53;ventilation;aimingStabilizer;rammer;15.56
poland:Pl23_CS_53;turbocharger;aimingStabilizer;rammer;10.5
poland:Pl23_CS_53;ventilation;rammer;coatedOptics;6.53
poland:Pl24_56TP;healthReserve;aimingStabilizer;rammer;15.47
poland:Pl24_56TP;ventilation;aimingStabilizer;rammer;13.51
poland:Pl24_56TP;healthReserve;rammer;ventilation;11.7
poland:Pl25_CS_52_C;turbocharger;aimingStabilizer;rammer;10.16
poland:Pl25_CS_52_C;turbocharger;healthReserve;coatedOptics;10
poland:Pl25_CS_52_C;turbocharger;rammer;ventilation;7.99
poland:Pl27_SDP_Wz_66T;rammer;turbocharger;healthReserve;11.87
poland:Pl27_SDP_Wz_66T;rammer;modernizedTurbochargerRotationMechanism;rotationMechanism;11.75
poland:Pl27_SDP_Wz_66T;rammer;modernizedTurbochargerRotationMechanism;healthReserve;10.97
poland:Pl28_SDP_Wz_60;rammer;turbocharger;rotationMechanism;9.63
poland:Pl28_SDP_Wz_60;rammer;rotationMechanism;ventilation;8.18
poland:Pl28_SDP_Wz_60;rammer;turbocharger;healthReserve;5.47
poland:Pl29_NC_Wz_70T;rammer;modernizedTurbochargerRotationMechanism;healthReserve;11.78
poland:Pl29_NC_Wz_70T;rammer;turbocharger;healthReserve;11.26
poland:Pl29_NC_Wz_70T;rammer;modernizedTurbochargerRotationMechanism;rotationMechanism;8.11
poland:Pl30_SDP_Wz58T;rammer;turbocharger;rotationMechanism;8.68
poland:Pl30_SDP_Wz58T;rammer;rotationMechanism;ventilation;8.32
poland:Pl30_SDP_Wz58T;rammer;turbocharger;ventilation;5.95
poland:Pl31_SDP_Wz_57D;ventilation;rotationMechanism;rammer;11.11
poland:Pl31_SDP_Wz_57D;ventilation;improvedSights;rammer;4.47
poland:Pl31_SDP_Wz_57D;ventilation;enhancedAimDrives;rammer;4.19
poland:Pl32_SDP_Wz_44;ventilation;rotationMechanism;rammer;8.07
poland:Pl32_SDP_Wz_44;rammer;camouflageNet;stereoscope;5.57
poland:Pl32_SDP_Wz_44;rammer;improvedSights;ventilation;4.16
poland:Pl33_SDP_Wz_40;rammer;camouflageNet;stereoscope;8.73
poland:Pl33_SDP_Wz_40;ventilation;rammer;stereoscope;8.04
poland:Pl33_SDP_Wz_40;ventilation;rammer;coatedOptics;4.56
sweden:S01_Strv_74_A2;ventilation;rotationMechanism;coatedOptics;8.99
sweden:S01_Strv_74_A2;turbocharger;ventilation;coatedOptics;7.61
sweden:S01_Strv_74_A2;ventilation;improvedSights;coatedOptics;5.54
sweden:S02_Strv_M42;ventilation;rammer;coatedOptics;14.69
sweden:S02_Strv_M42;ventilation;enhancedAimDrives;rammer;6.66
sweden:S02_Strv_M42;rammer;enhancedAimDrives;stereoscope;5.36
sweden:S03_Strv_M38;ventilation;;;29.1
sweden:S03_Strv_M38;healthReserve;;;20.53
sweden:S03_Strv_M38;stereoscope;;;16.48
sweden:S04_Lago_I;ventilation;enhancedAimDrives;coatedOptics;17.71
sweden:S04_Lago_I;ventilation;turbocharger;coatedOptics;5.15
sweden:S04_Lago_I;ventilation;turbocharger;enhancedAimDrives;4.6
sweden:S05_Strv_M21_29;;;;100
sweden:S06_Ikv_90_Typ_B_Bofors;rammer;camouflageNet;stereoscope;12.07
sweden:S06_Ikv_90_Typ_B_Bofors;rammer;ventilation;coatedOptics;7.61
sweden:S06_Ikv_90_Typ_B_Bofors;ventilation;camouflageNet;stereoscope;5.42
sweden:S07_Strv_74;ventilation;rammer;coatedOptics;19.56
sweden:S07_Strv_74;turbocharger;rammer;coatedOptics;7.38
sweden:S07_Strv_74;turbocharger;rammer;ventilation;4.5
sweden:S08_Ikv_65_Alt_2;rammer;camouflageNet;stereoscope;13.94
sweden:S08_Ikv_65_Alt_2;rammer;ventilation;stereoscope;6.92
sweden:S08_Ikv_65_Alt_2;ventilation;rammer;coatedOptics;5.9
sweden:S09_L_120_TD;stereoscope;;;31.25
sweden:S09_L_120_TD;turbocharger;;;21.88
sweden:S10_Strv_103_0_Series;rammer;camouflageNet;stereoscope;17.83
sweden:S10_Strv_103_0_Series;rammer;ventilation;stereoscope;10.11
sweden:S10_Strv_103_0_Series;rammer;turbocharger;stereoscope;5.64
sweden:S11_Strv_103B;rammer;camouflageNet;stereoscope;16.58
sweden:S11_Strv_103B;rammer;ventilation;stereoscope;10.38
sweden:S11_Strv_103B;rammer;ventilation;camouflageNet;7.22
sweden:S12_Strv_M40;ventilation;enhancedAimDrives;;10.23
sweden:S12_Strv_M40;ventilation;healthReserve;;9.79
sweden:S12_Strv_M40;coatedOptics;stereoscope;;8.87
sweden:S13_Leo;ventilation;rammer;coatedOptics;11.28
sweden:S13_Leo;ventilation;improvedSights;rammer;7.28
sweden:S13_Leo;ventilation;enhancedAimDrives;rammer;6.54
sweden:S14_Ikv_103;rammer;camouflageNet;stereoscope;10.03
sweden:S14_Ikv_103;ventilation;rammer;stereoscope;5.59
sweden:S14_Ikv_103;ventilation;rammer;camouflageNet;3.22
sweden:S15_L_60;ventilation;;;54.41
sweden:S16_Kranvagn;ventilation;turbocharger;aimingStabilizer;13.37
sweden:S16_Kranvagn;healthReserve;turbocharger;aimingStabilizer;7.25
sweden:S16_Kranvagn;ventilation;improvedSights;aimingStabilizer;6.02
sweden:S17_EMIL_1952_E2;ventilation;turbocharger;aimingStabilizer;6.83
sweden:S17_EMIL_1952_E2;ventilation;aimingStabilizer;enhancedAimDrives;4.69
sweden:S17_EMIL_1952_E2;ventilation;improvedSights;aimingStabilizer;4.56
sweden:S18_EMIL_1951_E1;ventilation;aimingStabilizer;enhancedAimDrives;7.18
sweden:S18_EMIL_1951_E1;ventilation;improvedSights;aimingStabilizer;6.47
sweden:S18_EMIL_1951_E1;healthReserve;turbocharger;aimingStabilizer;5.59
sweden:S19_Sav_M43;ventilation;camouflageNet;stereoscope;10.66
sweden:S19_Sav_M43;enhancedAimDrives;camouflageNet;stereoscope;7.97
sweden:S19_Sav_M43;camouflageNet;additInvisibilityDevice;stereoscope;5.08
sweden:S20_Ikv_72;camouflageNet;stereoscope;;42.59
sweden:S20_Ikv_72;enhancedAimDrives;camouflageNet;;15.98
sweden:S20_Ikv_72;additInvisibilityDevice;stereoscope;;8.87
sweden:S21_UDES_03;rammer;camouflageNet;stereoscope;23.23
sweden:S21_UDES_03;ventilation;rammer;stereoscope;10.54
sweden:S21_UDES_03;rammer;ventilation;camouflageNet;5.56
sweden:S22_Strv_S1;rammer;camouflageNet;stereoscope;21.58
sweden:S22_Strv_S1;rammer;ventilation;stereoscope;15.61
sweden:S22_Strv_S1;rammer;turbocharger;stereoscope;7.85
sweden:S23_Strv_81;turbocharger;rammer;ventilation;8.35
sweden:S23_Strv_81;ventilation;aimingStabilizer;rammer;7.07
sweden:S23_Strv_81;ventilation;rammer;coatedOptics;5.46
sweden:S23_Strv_81_sabaton;rammer;rotationMechanism;enhancedAimDrives;15.34
sweden:S23_Strv_81_sabaton;ventilation;aimingStabilizer;rammer;8.09
sweden:S23_Strv_81_sabaton;rammer;aimingStabilizer;coatedOptics;6.56
sweden:S25_EMIL_51;ventilation;improvedSights;aimingStabilizer;12.86
sweden:S25_EMIL_51;ventilation;aimingStabilizer;enhancedAimDrives;8.28
sweden:S25_EMIL_51;ventilation;turbocharger;aimingStabilizer;8.09
sweden:S26_Lansen_C;ventilation;aimingStabilizer;rammer;16.97
sweden:S26_Lansen_C;ventilation;rammer;coatedOptics;7.71
sweden:S26_Lansen_C;rammer;aimingStabilizer;coatedOptics;6.26
sweden:S27_UDES_16;ventilation;aimingStabilizer;rammer;15.21
sweden:S27_UDES_16;ventilation;improvedSights;rammer;8.18
sweden:S27_UDES_16;ventilation;rammer;coatedOptics;5.49
sweden:S28_UDES_15_16;ventilation;aimingStabilizer;rammer;16.58
sweden:S28_UDES_15_16;turbocharger;aimingStabilizer;rammer;6.12
sweden:S28_UDES_15_16;turbocharger;rammer;ventilation;5.91
sweden:S29_UDES_14_5;ventilation;aimingStabilizer;rammer;12.22
sweden:S29_UDES_14_5;ventilation;improvedSights;rammer;8.57
sweden:S29_UDES_14_5;ventilation;rammer;coatedOptics;7.41
sweden:S30_UDES_03_Alt_3;turbocharger;aimingStabilizer;ventilation;11.12
sweden:S30_UDES_03_Alt_3;turbocharger;commandersView;ventilation;10.66
sweden:S30_UDES_03_Alt_3;coatedOptics;additInvisibilityDevice;commandersView;7.22
sweden:S31_Strv_K;ventilation;aimingStabilizer;rammer;19.38
sweden:S31_Strv_K;healthReserve;aimingStabilizer;rammer;15.79
sweden:S31_Strv_K;turbocharger;aimingStabilizer;rammer;9.02
sweden:S32_Bofors_Tornvagn;turbocharger;aimingStabilizer;rammer;13.55
sweden:S32_Bofors_Tornvagn;ventilation;aimingStabilizer;rammer;10.25
sweden:S32_Bofors_Tornvagn;healthReserve;aimingStabilizer;rammer;7.72
sweden:S33_Latt_Stridsfordon_120;ventilation;coatedOptics;rammer;12.61
sweden:S33_Latt_Stridsfordon_120;rammer;camouflageNet;stereoscope;8.7
sweden:S33_Latt_Stridsfordon_120;rammer;ventilation;stereoscope;8.22
sweden:S34_Lago_M38;ventilation;enhancedAimDrives;;17.33
sweden:S34_Lago_M38;ventilation;healthReserve;;13.72
sweden:S34_Lago_M38;grousers;healthReserve;;8.71
uk:GB01_Medium_Mark_I;;;;100
uk:GB03_Cruiser_Mk_I;;;;100
uk:GB04_Valentine;turbocharger;healthReserve;;13.48
uk:GB04_Valentine;enhancedAimDrives;turbocharger;;12.36
uk:GB04_Valentine;ventilation;turbocharger;;9.21
uk:GB05_Vickers_Medium_Mk_II;stereoscope;;;93.93
uk:GB06_Vickers_Medium_Mk_III;coatedOptics;ventilation;;37.28
uk:GB06_Vickers_Medium_Mk_III;stereoscope;ventilation;;10.65
uk:GB06_Vickers_Medium_Mk_III;enhancedAimDrives;coatedOptics;;8.88
uk:GB07_Matilda;ventilation;turbocharger;healthReserve;22.58
uk:GB07_Matilda;ventilation;turbocharger;enhancedAimDrives;8.03
uk:GB07_Matilda;ventilation;healthReserve;enhancedAimDrives;6.51
uk:GB08_Churchill_I;ventilation;healthReserve;rammer;12.19
uk:GB08_Churchill_I;healthReserve;turbocharger;rammer;10.44
uk:GB08_Churchill_I;ventilation;turbocharger;rammer;5.55
uk:GB09_Churchill_VII;healthReserve;turbocharger;rammer;25
uk:GB09_Churchill_VII;healthReserve;rammer;ventilation;10.81
uk:GB09_Churchill_VII;ventilation;turbocharger;rammer;6
uk:GB100_Manticore;commandersView;additInvisibilityDevice;coatedOptics;75.51
uk:GB100_Manticore;commandersView;coatedOptics;ventilation;3.13
uk:GB100_Manticore;commandersView;additInvisibilityDevice;ventilation;2.84
uk:GB101_FV1066_Senlac;commandersView;additInvisibilityDevice;coatedOptics;45.23
uk:GB101_FV1066_Senlac;commandersView;turbocharger;coatedOptics;6.74
uk:GB101_FV1066_Senlac;commandersView;additInvisibilityDevice;ventilation;4.39
uk:GB102_LHMTV;commandersView;additInvisibilityDevice;coatedOptics;56.47
uk:GB102_LHMTV;commandersView;additInvisibilityDevice;stereoscope;4.53
uk:GB102_LHMTV;commandersView;camouflageNet;stereoscope;3.08
uk:GB103_GSOR3301_AVR_FS;commandersView;additInvisibilityDevice;coatedOptics;62.24
uk:GB103_GSOR3301_AVR_FS;commandersView;ventilation;coatedOptics;3.41
uk:GB103_GSOR3301_AVR_FS;commandersView;additInvisibilityDevice;stereoscope;2.86
uk:GB104_GSR_3301_Setter;coatedOptics;additInvisibilityDevice;ventilation;28.34
uk:GB104_GSR_3301_Setter;coatedOptics;turbocharger;additInvisibilityDevice;9.78
uk:GB104_GSR_3301_Setter;coatedOptics;additInvisibilityDevice;stereoscope;8.36
uk:GB105_Black_Prince_2019;healthReserve;turbocharger;rammer;35.29
uk:GB105_Black_Prince_2019;healthReserve;ventilation;rammer;23.19
uk:GB105_Black_Prince_2019;ventilation;turbocharger;rammer;9.42
uk:GB106_Cobra;ventilation;improvedSights;aimingStabilizer;9.89
uk:GB106_Cobra;turbocharger;aimingStabilizer;ventilation;9.02
uk:GB106_Cobra;ventilation;modernizedTurbochargerRotationMechanism;aimingStabilizer;5.51
uk:GB107_Cavalier;stereoscope;healthReserve;coatedOptics;10.56
uk:GB107_Cavalier;ventilation;rammer;coatedOptics;8.98
uk:GB107_Cavalier;ventilation;enhancedAimDrives;rammer;3.39
uk:GB108_A46;coatedOptics;additInvisibilityDevice;ventilation;22.66
uk:GB108_A46;coatedOptics;turbocharger;additInvisibilityDevice;7.75
uk:GB108_A46;coatedOptics;turbocharger;ventilation;6.43
uk:GB109_GSOR_1008;improvedSights;rotationMechanism;ventilation;11.97
uk:GB109_GSOR_1008;improvedSights;enhancedAimDrives;ventilation;6.05
uk:GB109_GSOR_1008;enhancedAimDrives;rotationMechanism;ventilation;4.54
uk:GB10_Black_Prince;healthReserve;turbocharger;rammer;24.72
uk:GB10_Black_Prince;healthReserve;rammer;ventilation;8.67
uk:GB10_Black_Prince;ventilation;turbocharger;rammer;4.73
uk:GB110_FV4201_Chieftain_Prototype;ventilation;aimingStabilizer;rammer;20.74
uk:GB110_FV4201_Chieftain_Prototype;healthReserve;aimingStabilizer;rammer;11.95
uk:GB110_FV4201_Chieftain_Prototype;turbocharger;aimingStabilizer;rammer;11.04
uk:GB111_Charlemagne;turbocharger;enhancedAimDrives;rammer;12.62
uk:GB111_Charlemagne;healthReserve;aimingStabilizer;rammer;12.34
uk:GB111_Charlemagne;ventilation;aimingStabilizer;rammer;11.37
uk:GB112_Caliban;ventilation;improvedSights;aimingStabilizer;16.22
uk:GB112_Caliban;ventilation;aimingStabilizer;enhancedAimDrives;9.31
uk:GB112_Caliban;ventilation;improvedSights;enhancedAimDrives;5.95
uk:GB113_Matilda_LVT;healthReserve;turbocharger;enhancedAimDrives;48.85
uk:GB113_Matilda_LVT;turbocharger;healthReserve;coatedOptics;11.34
uk:GB113_Matilda_LVT;turbocharger;enhancedAimDrives;coatedOptics;8.32
uk:GB114_Vickers_MBT_Mk3;ventilation;modernizedTurbochargerRotationMechanism;rammer;16.97
uk:GB114_Vickers_MBT_Mk3;turbocharger;rammer;ventilation;14.46
uk:GB114_Vickers_MBT_Mk3;ventilation;aimingStabilizer;rammer;8.17
uk:GB115_Gonsalo;ventilation;aimingStabilizer;rammer;19.23
uk:GB115_Gonsalo;aimingStabilizer;improvedSights;rammer;7.99
uk:GB115_Gonsalo;healthReserve;aimingStabilizer;rammer;7.96
uk:GB116_Harry_Hopkins_I;ventilation;additInvisibilityDevice;coatedOptics;12.36
uk:GB116_Harry_Hopkins_I;ventilation;turbocharger;coatedOptics;10.8
uk:GB116_Harry_Hopkins_I;additInvisibilityDevice;turbocharger;stereoscope;10.12
uk:GB11_Caernarvon;healthReserve;turbocharger;rammer;13.31
uk:GB11_Caernarvon;healthReserve;aimingStabilizer;rammer;12.85
uk:GB11_Caernarvon;healthReserve;rammer;ventilation;7.19
uk:GB120_Concept_No_5;ventilation;additInvisibilityDevice;rammer;16.43
uk:GB120_Concept_No_5;turbocharger;rammer;ventilation;7.63
uk:GB120_Concept_No_5;ventilation;aimingStabilizer;rammer;5.01
uk:GB121_GSOR_1010_FB;ventilation;additInvisibilityDevice;rammer;8.86
uk:GB121_GSOR_1010_FB;ventilation;rammer;coatedOptics;8.79
uk:GB121_GSOR_1010_FB;turbocharger;rammer;ventilation;8.43
uk:GB122_Staghound_Mk_III;ventilation;rammer;coatedOptics;13.72
uk:GB122_Staghound_Mk_III;turbocharger;rammer;coatedOptics;5.63
uk:GB122_Staghound_Mk_III;ventilation;additInvisibilityDevice;coatedOptics;4.4
uk:GB123_GSOR_1006_v7;ventilation;rammer;coatedOptics;9.83
uk:GB123_GSOR_1006_v7;ventilation;additInvisibilityDevice;rammer;7.5
uk:GB123_GSOR_1006_v7;turbocharger;rammer;ventilation;6.35
uk:GB124_AEC_Armoured_Car;ventilation;rammer;coatedOptics;14.47
uk:GB124_AEC_Armoured_Car;turbocharger;rammer;coatedOptics;4.04
uk:GB124_AEC_Armoured_Car;ventilation;additInvisibilityDevice;coatedOptics;3.95
uk:GB125_Saladin;ventilation;rammer;coatedOptics;10.07
uk:GB125_Saladin;commandersView;additInvisibilityDevice;coatedOptics;4.83
uk:GB125_Saladin;turbocharger;rammer;coatedOptics;4.72
uk:GB126_FSV_Scheme_A;ventilation;rammer;coatedOptics;17.24
uk:GB126_FSV_Scheme_A;ventilation;additInvisibilityDevice;coatedOptics;8.44
uk:GB126_FSV_Scheme_A;turbocharger;rammer;coatedOptics;5.22
uk:GB127_A7E3;turbocharger;ventilation;;30.77
uk:GB127_A7E3;stereoscope;camouflageNet;;18.93
uk:GB128_Nemesis;ventilation;aimingStabilizer;rammer;15.67
uk:GB128_Nemesis;turbocharger;aimingStabilizer;rammer;15.57
uk:GB128_Nemesis;turbocharger;ventilation;rammer;7
uk:GB12_Conqueror;healthReserve;turbocharger;rammer;25.27
uk:GB12_Conqueror;healthReserve;aimingStabilizer;rammer;8.77
uk:GB12_Conqueror;healthReserve;rammer;ventilation;6.76
uk:GB133_Charioteer_MkVII;rammer;improvedSights;ventilation;14.82
uk:GB133_Charioteer_MkVII;rammer;rotationMechanism;ventilation;7.79
uk:GB133_Charioteer_MkVII;rammer;ventilation;coatedOptics;6.36
uk:GB136_Churchill_BPXIV;healthReserve;turbocharger;rammer;18.35
uk:GB136_Churchill_BPXIV;healthReserve;rammer;ventilation;8.09
uk:GB136_Churchill_BPXIV;ventilation;turbocharger;rammer;5.68
uk:GB139_FV226_Contradictious;healthReserve;turbocharger;aimingStabilizer;16.29
uk:GB139_FV226_Contradictious;ventilation;turbocharger;aimingStabilizer;15.9
uk:GB139_FV226_Contradictious;healthReserve;aimingStabilizer;ventilation;5.27
uk:GB13_FV215b;healthReserve;turbocharger;rammer;6.94
uk:GB13_FV215b;healthReserve;rammer;ventilation;6.27
uk:GB13_FV215b;improvedConfiguration;modernizedTurbochargerRotationMechanism;rammer;5.11
uk:GB141_GSOR_the_TANK;ventilation;aimingStabilizer;rammer;8.31
uk:GB141_GSOR_the_TANK;turbocharger;rammer;ventilation;6.09
uk:GB141_GSOR_the_TANK;turbocharger;aimingStabilizer;rammer;5.96
uk:GB145_Crusher_ASE_4;healthReserve;turbocharger;rammer;34.96
uk:GB145_Crusher_ASE_4;healthReserve;modernizedTurbochargerRotationMechanism;rammer;9.27
uk:GB145_Crusher_ASE_4;ventilation;turbocharger;rammer;6
uk:GB146_Gabler_s_Destroyer;ventilation;additInvisibilityDevice;coatedOptics;12.91
uk:GB146_Gabler_s_Destroyer;ventilation;aimingStabilizer;coatedOptics;8.07
uk:GB146_Gabler_s_Destroyer;ventilation;turbocharger;coatedOptics;5.74
uk:GB14_M2;turbocharger;;;36.57
uk:GB14_M2;healthReserve;;;20.39
uk:GB14_M2;stereoscope;;;16.5
uk:GB15_Stuart_I;stereoscope;ventilation;;41.92
uk:GB15_Stuart_I;turbocharger;stereoscope;;14.23
uk:GB17_Grant_I;enhancedAimDrives;ventilation;stereoscope;24.77
uk:GB17_Grant_I;turbocharger;ventilation;stereoscope;20.6
uk:GB17_Grant_I;ventilation;camouflageNet;stereoscope;12.27
uk:GB19_Sherman_Firefly;ventilation;rammer;coatedOptics;8.21
uk:GB19_Sherman_Firefly;turbocharger;aimingStabilizer;rammer;6.56
uk:GB19_Sherman_Firefly;ventilation;rammer;stereoscope;5.41
uk:GB20_Crusader;coatedOptics;additInvisibilityDevice;ventilation;19.02
uk:GB20_Crusader;coatedOptics;turbocharger;additInvisibilityDevice;8.68
uk:GB20_Crusader;coatedOptics;additInvisibilityDevice;stereoscope;4.91
uk:GB21_Cromwell;ventilation;rammer;coatedOptics;14.05
uk:GB21_Cromwell;ventilation;enhancedAimDrives;rammer;4.4
uk:GB21_Cromwell;rotationMechanism;rammer;coatedOptics;3.74
uk:GB22_Comet;ventilation;rammer;coatedOptics;13.53
uk:GB22_Comet;ventilation;aimingStabilizer;rammer;6.73
uk:GB22_Comet;turbocharger;rammer;ventilation;5.04
uk:GB23_Centurion;ventilation;aimingStabilizer;rammer;11.95
uk:GB23_Centurion;turbocharger;aimingStabilizer;rammer;7.81
uk:GB23_Centurion;ventilation;rammer;coatedOptics;5.93
uk:GB24_Centurion_Mk3;ventilation;aimingStabilizer;rammer;18.91
uk:GB24_Centurion_Mk3;turbocharger;aimingStabilizer;rammer;11.56
uk:GB24_Centurion_Mk3;turbocharger;rammer;ventilation;6.35
uk:GB25_Loyd_Gun_Carriage;enhancedAimDrives;;;87.41
uk:GB26_Birch_Gun;enhancedAimDrives;turbocharger;camouflageNet;27.09
uk:GB26_Birch_Gun;coatedOptics;enhancedAimDrives;camouflageNet;14.86
uk:GB26_Birch_Gun;coatedOptics;turbocharger;enhancedAimDrives;11.71
uk:GB27_Sexton;enhancedAimDrives;camouflageNet;;77.14
uk:GB28_Bishop;rammer;enhancedAimDrives;ventilation;33.91
uk:GB28_Bishop;rammer;rotationMechanism;enhancedAimDrives;12.02
uk:GB28_Bishop;rammer;turbocharger;enhancedAimDrives;8.05
uk:GB29_Crusader_5inch;rammer;rotationMechanism;enhancedAimDrives;50.83
uk:GB29_Crusader_5inch;rammer;enhancedAimDrives;camouflageNet;15.33
uk:GB29_Crusader_5inch;rammer;turbocharger;enhancedAimDrives;11.5
uk:GB30_FV3805;rammer;enhancedAimDrives;ventilation;53.78
uk:GB30_FV3805;rammer;rotationMechanism;enhancedAimDrives;13.39
uk:GB30_FV3805;rammer;rotationMechanism;ventilation;10.29
uk:GB31_Conqueror_Gun;rammer;enhancedAimDrives;ventilation;66.44
uk:GB31_Conqueror_Gun;rammer;rotationMechanism;enhancedAimDrives;12.31
uk:GB31_Conqueror_Gun;rammer;rotationMechanism;ventilation;7.9
uk:GB32_Tortoise;rammer;turbocharger;healthReserve;30.54
uk:GB32_Tortoise;rammer;turbocharger;ventilation;8.4
uk:GB32_Tortoise;rammer;modernizedTurbochargerRotationMechanism;healthReserve;7.68
uk:GB33_Sentinel_AC_I;ventilation;enhancedAimDrives;coatedOptics;19.26
uk:GB33_Sentinel_AC_I;ventilation;turbocharger;coatedOptics;13.43
uk:GB33_Sentinel_AC_I;ventilation;turbocharger;enhancedAimDrives;10.25
uk:GB35_Sentinel_AC_IV;ventilation;rammer;coatedOptics;22.87
uk:GB35_Sentinel_AC_IV;turbocharger;rammer;coatedOptics;9.42
uk:GB35_Sentinel_AC_IV;ventilation;rammer;stereoscope;9.05
uk:GB37_Valliant;rammer;turbocharger;ventilation;10.03
uk:GB37_Valliant;ventilation;turbocharger;coatedOptics;5.42
uk:GB37_Valliant;rammer;turbocharger;healthReserve;5.07
uk:GB39_Universal_CarrierQF2;stereoscope;;;67.38
uk:GB39_Universal_CarrierQF2;enhancedAimDrives;;;15.84
uk:GB40_Gun_Carrier_Churchill;rammer;turbocharger;enhancedAimDrives;17.73
uk:GB40_Gun_Carrier_Churchill;rammer;ventilation;stereoscope;6.98
uk:GB40_Gun_Carrier_Churchill;rammer;turbocharger;stereoscope;6.71
uk:GB41_Challenger;rammer;camouflageNet;stereoscope;10.22
uk:GB41_Challenger;ventilation;rammer;coatedOptics;6.43
uk:GB41_Challenger;rammer;improvedSights;enhancedAimDrives;3.94
uk:GB42_Valentine_AT;enhancedAimDrives;camouflageNet;stereoscope;17.54
uk:GB42_Valentine_AT;stereoscope;turbocharger;camouflageNet;7.43
uk:GB42_Valentine_AT;stereoscope;additInvisibilityDevice;camouflageNet;5.89
uk:GB44_Archer;rammer;camouflageNet;stereoscope;15.66
uk:GB44_Archer;rammer;turbocharger;coatedOptics;6.15
uk:GB44_Archer;turbocharger;camouflageNet;stereoscope;5.29
uk:GB45_Achilles_IIC;rammer;camouflageNet;stereoscope;20.35
uk:GB45_Achilles_IIC;improvedSights;rammer;coatedOptics;5.35
uk:GB45_Achilles_IIC;rammer;improvedSights;enhancedAimDrives;4.27
uk:GB48_FV215b_183;rammer;enhancedAimDrives;ventilation;18.71
uk:GB48_FV215b_183;rammer;improvedSights;enhancedAimDrives;11.62
uk:GB48_FV215b_183;rammer;improvedSights;ventilation;7.67
uk:GB50_Sherman_III;coatedOptics;rammer;ventilation;11.09
uk:GB50_Sherman_III;rammer;enhancedAimDrives;ventilation;7.7
uk:GB50_Sherman_III;stereoscope;camouflageNet;antifragmentationLining;5.65
uk:GB51_Excelsior;ventilation;healthReserve;rammer;9.72
uk:GB51_Excelsior;healthReserve;turbocharger;rammer;6.37
uk:GB51_Excelsior;modernizedExtraHealthReserveAntifragmentationLining;modernizedTurbochargerRotationMechanism;antifragmentationLining;5.19
uk:GB52_A45;healthReserve;rammer;ventilation;10.31
uk:GB52_A45;healthReserve;aimingStabilizer;rammer;8.81
uk:GB52_A45;ventilation;modernizedExtraHealthReserveAntifragmentationLining;rammer;5.99
uk:GB57_Alecto;stereoscope;enhancedAimDrives;camouflageNet;22.47
uk:GB57_Alecto;additInvisibilityDevice;camouflageNet;stereoscope;12.5
uk:GB57_Alecto;stereoscope;camouflageNet;coatedOptics;8.45
uk:GB58_Cruiser_Mk_III;enhancedAimDrives;healthReserve;;10.5
uk:GB58_Cruiser_Mk_III;ventilation;enhancedAimDrives;;10.23
uk:GB58_Cruiser_Mk_III;stereoscope;camouflageNet;;7.49
uk:GB59_Cruiser_Mk_IV;ventilation;turbocharger;coatedOptics;13.47
uk:GB59_Cruiser_Mk_IV;ventilation;enhancedAimDrives;coatedOptics;6.51
uk:GB59_Cruiser_Mk_IV;ventilation;additInvisibilityDevice;coatedOptics;5.86
uk:GB60_Covenanter;ventilation;turbocharger;coatedOptics;10.36
uk:GB60_Covenanter;ventilation;additInvisibilityDevice;coatedOptics;10.12
uk:GB60_Covenanter;coatedOptics;turbocharger;additInvisibilityDevice;5.28
uk:GB63_TOG_II;healthReserve;turbocharger;rammer;27.36
uk:GB63_TOG_II;ventilation;turbocharger;rammer;11.26
uk:GB63_TOG_II;antifragmentationLining;rammer;ventilation;8.63
uk:GB68_Matilda_Black_Prince;ventilation;turbocharger;rammer;11.47
uk:GB68_Matilda_Black_Prince;rammer;turbocharger;coatedOptics;9.02
uk:GB68_Matilda_Black_Prince;turbocharger;healthReserve;rammer;5.66
uk:GB69_Cruiser_Mk_II;healthReserve;;;26.16
uk:GB69_Cruiser_Mk_II;turbocharger;;;22.4
uk:GB69_Cruiser_Mk_II;ventilation;;;22.32
uk:GB70_N_FV4202_105;ventilation;aimingStabilizer;rammer;14.19
uk:GB70_N_FV4202_105;ventilation;rammer;coatedOptics;7.32
uk:GB70_N_FV4202_105;turbocharger;rammer;ventilation;6.13
uk:GB71_AT_15A;rammer;turbocharger;healthReserve;11.83
uk:GB71_AT_15A;rammer;turbocharger;ventilation;6.15
uk:GB71_AT_15A;rammer;healthReserve;ventilation;4.99
uk:GB72_AT15;rammer;turbocharger;healthReserve;23.29
uk:GB72_AT15;rammer;healthReserve;ventilation;7.51
uk:GB72_AT15;rammer;turbocharger;ventilation;7.33
uk:GB73_AT2;healthReserve;turbocharger;rammer;14.99
uk:GB73_AT2;ventilation;turbocharger;rammer;4.81
uk:GB73_AT2;healthReserve;rammer;ventilation;3.88
uk:GB74_AT8;rammer;turbocharger;healthReserve;12.78
uk:GB74_AT8;ventilation;turbocharger;rammer;7.78
uk:GB74_AT8;ventilation;healthReserve;rammer;4.66
uk:GB75_AT7;rammer;turbocharger;healthReserve;19.47
uk:GB75_AT7;ventilation;healthReserve;rammer;6.79
uk:GB75_AT7;rammer;turbocharger;ventilation;5.62
uk:GB76_Mk_VIC;ventilation;;;35.81
uk:GB76_Mk_VIC;turbocharger;;;33.17
uk:GB76_Mk_VIC;healthReserve;;;13.49
uk:GB77_FV304;rammer;enhancedAimDrives;ventilation;44.08
uk:GB77_FV304;rammer;rotationMechanism;enhancedAimDrives;14.82
uk:GB77_FV304;rammer;enhancedAimDrives;camouflageNet;8.69
uk:GB78_Sexton_I;enhancedAimDrives;stereoscope;;40.37
uk:GB78_Sexton_I;enhancedAimDrives;turbocharger;;27.62
uk:GB78_Sexton_I;enhancedAimDrives;camouflageNet;;18.99
uk:GB79_FV206;rammer;enhancedAimDrives;ventilation;44.51
uk:GB79_FV206;rammer;rotationMechanism;enhancedAimDrives;16.35
uk:GB79_FV206;rammer;rotationMechanism;ventilation;9.76
uk:GB80_Charioteer;improvedSights;rammer;ventilation;9.11
uk:GB80_Charioteer;rammer;camouflageNet;stereoscope;6.11
uk:GB80_Charioteer;rammer;enhancedAimDrives;ventilation;4.49
uk:GB81_FV4004;ventilation;improvedSights;rammer;14.45
uk:GB81_FV4004;rammer;enhancedAimDrives;ventilation;6.57
uk:GB81_FV4004;rammer;improvedSights;enhancedAimDrives;6.26
uk:GB83_FV4005;rammer;improvedSights;enhancedAimDrives;11.53
uk:GB83_FV4005;rammer;enhancedAimDrives;ventilation;8.72
uk:GB83_FV4005;improvedSights;rammer;ventilation;7.32
uk:GB85_Cromwell_Berlin;ventilation;rammer;coatedOptics;24.15
uk:GB85_Cromwell_Berlin;rotationMechanism;rammer;coatedOptics;6.57
uk:GB85_Cromwell_Berlin;ventilation;additInvisibilityDevice;coatedOptics;4.61
uk:GB86_Centurion_Action_X;ventilation;aimingStabilizer;rammer;22.86
uk:GB86_Centurion_Action_X;turbocharger;rammer;ventilation;8.59
uk:GB86_Centurion_Action_X;turbocharger;aimingStabilizer;rammer;7.25
uk:GB87_Chieftain_T95_turret;turbocharger;rammer;ventilation;14.23
uk:GB87_Chieftain_T95_turret;turbocharger;aimingStabilizer;rammer;6.25
uk:GB87_Chieftain_T95_turret;ventilation;aimingStabilizer;rammer;5.3
uk:GB91_Super_Conqueror;healthReserve;turbocharger;rammer;29.67
uk:GB91_Super_Conqueror;healthReserve;modernizedTurbochargerRotationMechanism;rammer;8.88
uk:GB91_Super_Conqueror;healthReserve;rammer;ventilation;7.56
uk:GB92_FV217;rammer;turbocharger;healthReserve;18.62
uk:GB92_FV217;rammer;turbocharger;ventilation;9.42
uk:GB92_FV217;rammer;modernizedTurbochargerRotationMechanism;healthReserve;6.84
uk:GB93_Caernarvon_AX;ventilation;aimingStabilizer;rammer;15.99
uk:GB93_Caernarvon_AX;healthReserve;turbocharger;rammer;10.36
uk:GB93_Caernarvon_AX;healthReserve;aimingStabilizer;rammer;7.66
uk:GB94_Centurion_Mk5-1_RAAC;ventilation;aimingStabilizer;rammer;19.8
uk:GB94_Centurion_Mk5-1_RAAC;turbocharger;aimingStabilizer;rammer;10.19
uk:GB94_Centurion_Mk5-1_RAAC;turbocharger;rammer;ventilation;6.97
uk:GB95_Ekins_Firefly_M4A4;ventilation;rammer;coatedOptics;11.69
uk:GB95_Ekins_Firefly_M4A4;ventilation;aimingStabilizer;rammer;7.3
uk:GB95_Ekins_Firefly_M4A4;turbocharger;aimingStabilizer;rammer;5.33
uk:GB96_Excalibur;ventilation;rammer;coatedOptics;14.4
uk:GB96_Excalibur;rammer;camouflageNet;stereoscope;12.78
uk:GB96_Excalibur;rammer;ventilation;stereoscope;8.75
uk:GB97_Chimera;ventilation;aimingStabilizer;rammer;27.16
uk:GB97_Chimera;turbocharger;aimingStabilizer;rammer;12.96
uk:GB97_Chimera;turbocharger;rammer;ventilation;5.73
uk:GB98_T95_FV4201_Chieftain;healthReserve;turbocharger;rammer;28.9
uk:GB98_T95_FV4201_Chieftain;turbocharger;aimingStabilizer;rammer;16.47
uk:GB98_T95_FV4201_Chieftain;healthReserve;aimingStabilizer;rammer;8.58
uk:GB99_Turtle_Mk1;rammer;turbocharger;healthReserve;32.86
uk:GB99_Turtle_Mk1;rammer;turbocharger;ventilation;10.36
uk:GB99_Turtle_Mk1;rammer;modernizedTurbochargerRotationMechanism;healthReserve;10.03
usa:A01_T1_Cunningham;;;;100
usa:A02_M2_lt;healthReserve;;;35.23
usa:A02_M2_lt;ventilation;;;27.65
usa:A02_M2_lt;turbocharger;;;13.2
usa:A03_M3_Stuart;healthReserve;camouflageNet;;8.98
usa:A03_M3_Stuart;healthReserve;enhancedAimDrives;;8.91
usa:A03_M3_Stuart;ventilation;healthReserve;;7.83
usa:A04_M3_Grant;coatedOptics;healthReserve;enhancedAimDrives;23.9
usa:A04_M3_Grant;stereoscope;turbocharger;additInvisibilityDevice;10.62
usa:A04_M3_Grant;ventilation;enhancedAimDrives;stereoscope;7.69
usa:A05_M4_Sherman;ventilation;rammer;coatedOptics;9.27
usa:A05_M4_Sherman;ventilation;enhancedAimDrives;rammer;6.98
usa:A05_M4_Sherman;rammer;improvedSights;enhancedAimDrives;3.28
usa:A06_M4A3E8_Sherman;ventilation;rammer;coatedOptics;6.63
usa:A06_M4A3E8_Sherman;turbocharger;aimingStabilizer;rammer;5.91
usa:A06_M4A3E8_Sherman;ventilation;enhancedAimDrives;rammer;5.24
usa:A07_T20;ventilation;rammer;coatedOptics;8.16
usa:A07_T20;ventilation;aimingStabilizer;rammer;7.3
usa:A07_T20;ventilation;improvedSights;rammer;5.08
usa:A09_T1_hvy;ventilation;healthReserve;rammer;10.61
usa:A09_T1_hvy;healthReserve;turbocharger;rammer;5.21
usa:A09_T1_hvy;ventilation;rammer;coatedOptics;4.52
usa:A100_T49;commandersView;additInvisibilityDevice;coatedOptics;25.03
usa:A100_T49;commandersView;ventilation;coatedOptics;2.92
usa:A100_T49;coatedOptics;aimingStabilizer;rammer;2.33
usa:A101_M56;rammer;camouflageNet;stereoscope;27.76
usa:A101_M56;rammer;additInvisibilityDevice;coatedOptics;5.41
usa:A101_M56;rammer;improvedSights;coatedOptics;3.85
usa:A102_T28_concept;rammer;healthReserve;ventilation;9.27
usa:A102_T28_concept;rammer;turbocharger;ventilation;6.41
usa:A102_T28_concept;rammer;turbocharger;healthReserve;5.41
usa:A103_T71E1;ventilation;additInvisibilityDevice;coatedOptics;18.17
usa:A103_T71E1;ventilation;camouflageNet;stereoscope;9.49
usa:A103_T71E1;coatedOptics;turbocharger;additInvisibilityDevice;5.78
usa:A104_M4A3E8A;ventilation;aimingStabilizer;rammer;15.11
usa:A104_M4A3E8A;ventilation;rammer;coatedOptics;9.4
usa:A104_M4A3E8A;ventilation;enhancedAimDrives;rammer;5.67
usa:A107_T1_HMC;enhancedAimDrives;;;67.35
usa:A107_T1_HMC;coatedOptics;;;20.41
usa:A108_T18_HMC;ventilation;enhancedAimDrives;;57.36
usa:A109_T56_GMC;stereoscope;enhancedAimDrives;;41.8
usa:A109_T56_GMC;camouflageNet;stereoscope;;20.63
usa:A109_T56_GMC;turbocharger;healthReserve;;7.73
usa:A10_M6;healthReserve;turbocharger;rammer;14.2
usa:A10_M6;healthReserve;rammer;ventilation;12.43
usa:A10_M6;ventilation;turbocharger;rammer;5.43
usa:A111_T25_Pilot;ventilation;rammer;coatedOptics;15.52
usa:A111_T25_Pilot;rammer;enhancedAimDrives;ventilation;10.37
usa:A111_T25_Pilot;ventilation;aimingStabilizer;rammer;9.92
usa:A112_T71E2R;coatedOptics;additInvisibilityDevice;ventilation;19.61
usa:A112_T71E2R;coatedOptics;camouflageNet;stereoscope;7.66
usa:A112_T71E2R;stereoscope;ventilation;camouflageNet;6.49
usa:A115_Chrysler_K;healthReserve;aimingStabilizer;rammer;27.82
usa:A115_Chrysler_K;healthReserve;turbocharger;rammer;8.78
usa:A115_Chrysler_K;healthReserve;rammer;ventilation;7.07
usa:A115_Chrysler_K_GF;healthReserve;aimingStabilizer;rammer;12.57
usa:A115_Chrysler_K_GF;healthReserve;turbocharger;rammer;10.42
usa:A115_Chrysler_K_GF;ventilation;aimingStabilizer;rammer;7.69
usa:A116_XM551;commandersView;additInvisibilityDevice;coatedOptics;32.65
usa:A116_XM551;commandersView;ventilation;coatedOptics;4.98
usa:A116_XM551;commandersView;additInvisibilityDevice;ventilation;3.92
usa:A117_T26E5;ventilation;aimingStabilizer;rammer;18.42
usa:A117_T26E5;healthReserve;aimingStabilizer;rammer;10.9
usa:A117_T26E5;healthReserve;rammer;ventilation;6.81
usa:A117_T26E5_Patriot;ventilation;aimingStabilizer;rammer;14.73
usa:A117_T26E5_Patriot;healthReserve;aimingStabilizer;rammer;7.83
usa:A117_T26E5_Patriot;ventilation;turbocharger;rammer;7.27
usa:A118_M4_Thunderbolt;turbocharger;aimingStabilizer;rammer;8.77
usa:A118_M4_Thunderbolt;ventilation;rammer;coatedOptics;8.43
usa:A118_M4_Thunderbolt;turbocharger;rammer;coatedOptics;7.61
usa:A11_T29;healthReserve;aimingStabilizer;rammer;11.26
usa:A11_T29;healthReserve;rammer;ventilation;8.34
usa:A11_T29;healthReserve;turbocharger;rammer;7.25
usa:A120_M48A5;turbocharger;rammer;ventilation;14.44
usa:A120_M48A5;turbocharger;aimingStabilizer;rammer;10.15
usa:A120_M48A5;ventilation;aimingStabilizer;rammer;8.99
usa:A121_M26_Cologne;turbocharger;aimingStabilizer;rammer;15.9
usa:A121_M26_Cologne;ventilation;aimingStabilizer;rammer;8.37
usa:A121_M26_Cologne;ventilation;turbocharger;rammer;8.37
usa:A122_TS-5;rammer;turbocharger;healthReserve;21.54
usa:A122_TS-5;rammer;modernizedTurbochargerRotationMechanism;healthReserve;6.61
usa:A122_TS-5;rammer;healthReserve;ventilation;6.26
usa:A123_T78;rammer;camouflageNet;stereoscope;15.39
usa:A123_T78;improvedSights;rammer;coatedOptics;7.56
usa:A123_T78;rammer;rotationMechanism;stereoscope;6.43
usa:A124_T54E2;ventilation;aimingStabilizer;rammer;28.18
usa:A124_T54E2;healthReserve;aimingStabilizer;rammer;16.31
usa:A124_T54E2;turbocharger;aimingStabilizer;rammer;10.71
usa:A125_AEP_1;healthReserve;aimingStabilizer;rammer;19.41
usa:A125_AEP_1;ventilation;aimingStabilizer;rammer;11.73
usa:A125_AEP_1;rammer;turbocharger;aimingStabilizer;7.83
usa:A126_PzVI_Tiger_II_capt;healthReserve;rammer;ventilation;11.03
usa:A126_PzVI_Tiger_II_capt;healthReserve;turbocharger;rammer;8.85
usa:A126_PzVI_Tiger_II_capt;ventilation;rotationMechanism;rammer;8.76
usa:A127_TL_1_LPC;ventilation;aimingStabilizer;rammer;18.4
usa:A127_TL_1_LPC;turbocharger;aimingStabilizer;rammer;8.54
usa:A127_TL_1_LPC;ventilation;rammer;coatedOptics;7.17
usa:A128_concept_1b;healthReserve;aimingStabilizer;rammer;22.25
usa:A128_concept_1b;ventilation;aimingStabilizer;rammer;11.45
usa:A128_concept_1b;turbocharger;aimingStabilizer;rammer;10.58
usa:A129_T6_medium;ventilation;healthReserve;enhancedAimDrives;13.66
usa:A129_T6_medium;enhancedAimDrives;ventilation;coatedOptics;10.04
usa:A129_T6_medium;ventilation;turbocharger;enhancedAimDrives;9.81
usa:A12_T32;healthReserve;aimingStabilizer;rammer;14.02
usa:A12_T32;healthReserve;turbocharger;rammer;11.54
usa:A12_T32;healthReserve;rammer;ventilation;6.46
usa:A130_Super_Hellcat;rammer;camouflageNet;stereoscope;20.3
usa:A130_Super_Hellcat;improvedSights;rammer;coatedOptics;4.61
usa:A130_Super_Hellcat;rammer;enhancedAimDrives;camouflageNet;4.01
usa:A132_T77;ventilation;rotationMechanism;aimingStabilizer;10.15
usa:A132_T77;ventilation;improvedSights;aimingStabilizer;8.24
usa:A132_T77;ventilation;turbocharger;aimingStabilizer;7.56
usa:A134_M24E2_SuperChaffee;coatedOptics;additInvisibilityDevice;ventilation;12.49
usa:A134_M24E2_SuperChaffee;coatedOptics;turbocharger;additInvisibilityDevice;6.43
usa:A134_M24E2_SuperChaffee;stereoscope;additInvisibilityDevice;camouflageNet;5.22
usa:A136_T42;ventilation;aimingStabilizer;rammer;13.53
usa:A136_T42;turbocharger;rammer;ventilation;12.29
usa:A136_T42;turbocharger;aimingStabilizer;rammer;9.66
usa:A139_M_III_Y;healthReserve;aimingStabilizer;rammer;10.7
usa:A139_M_III_Y;ventilation;aimingStabilizer;rammer;10
usa:A139_M_III_Y;healthReserve;rammer;ventilation;8.99
usa:A13_T34_hvy;ventilation;enhancedAimDrives;rammer;16.78
usa:A13_T34_hvy;ventilation;aimingStabilizer;rammer;13.14
usa:A13_T34_hvy;rammer;aimingStabilizer;enhancedAimDrives;10.27
usa:A13_T34_hvy_BF;ventilation;aimingStabilizer;rammer;28.98
usa:A13_T34_hvy_BF;healthReserve;aimingStabilizer;rammer;6.12
usa:A13_T34_hvy_BF;ventilation;enhancedAimDrives;rammer;5.85
usa:A140_ASTRON_REX_105mm;ventilation;improvedSights;aimingStabilizer;14.84
usa:A140_ASTRON_REX_105mm;turbocharger;aimingStabilizer;ventilation;9.61
usa:A140_ASTRON_REX_105mm;turbocharger;improvedSights;aimingStabilizer;6.22
usa:A140_ASTRON_REX_105mm_SPD;ventilation;improvedSights;aimingStabilizer;16.24
usa:A140_ASTRON_REX_105mm_SPD;ventilation;additInvisibilityDevice;stereoscope;8.73
usa:A140_ASTRON_REX_105mm_SPD;turbocharger;aimingStabilizer;ventilation;6.33
usa:A141_M_IV_Y;ventilation;aimingStabilizer;rammer;20.87
usa:A141_M_IV_Y;healthReserve;aimingStabilizer;rammer;16.85
usa:A141_M_IV_Y;turbocharger;aimingStabilizer;rammer;7.49
usa:A142_Pawlack_Tank;healthReserve;rammer;ventilation;12.59
usa:A142_Pawlack_Tank;healthReserve;turbocharger;rammer;5.04
usa:A142_Pawlack_Tank;ventilation;enhancedAimDrives;rammer;4.93
usa:A143_M_V_Y;healthReserve;aimingStabilizer;rammer;16.53
usa:A143_M_V_Y;healthReserve;turbocharger;rammer;10.03
usa:A143_M_V_Y;ventilation;aimingStabilizer;rammer;9.65
usa:A144_M_VI_Y;healthReserve;aimingStabilizer;rammer;17.47
usa:A144_M_VI_Y;healthReserve;rammer;ventilation;11.87
usa:A144_M_VI_Y;healthReserve;turbocharger;rammer;5.88
usa:A145_TS_54;healthReserve;turbocharger;aimingStabilizer;22.65
usa:A145_TS_54;healthReserve;turbocharger;ventilation;8.87
usa:A145_TS_54;ventilation;turbocharger;aimingStabilizer;8.85
usa:A146_TL_7_120;improvedSights;rotationMechanism;ventilation;11.98
usa:A146_TL_7_120;rotationMechanism;modernizedTurbochargerRotationMechanism;ventilation;7.8
usa:A146_TL_7_120;improvedSights;enhancedAimDrives;ventilation;4.88
usa:A147_M_II_Y;healthReserve;rammer;ventilation;9.79
usa:A147_M_II_Y;ventilation;aimingStabilizer;rammer;6.76
usa:A147_M_II_Y;healthReserve;aimingStabilizer;rammer;4.96
usa:A148_Convertible_Medium_Tank_T3;turbocharger;healthReserve;;36.65
usa:A148_Convertible_Medium_Tank_T3;ventilation;enhancedAimDrives;;11.44
usa:A148_Convertible_Medium_Tank_T3;ventilation;turbocharger;;10.52
usa:A149_AMBT;turbocharger;aimingStabilizer;ventilation;15.9
usa:A149_AMBT;modernizedTurbochargerRotationMechanism;aimingStabilizer;ventilation;6.42
usa:A149_AMBT;ventilation;improvedSights;aimingStabilizer;5.73
usa:A14_T30;rammer;enhancedAimDrives;ventilation;9.27
usa:A14_T30;rammer;improvedSights;ventilation;6.91
usa:A14_T30;rammer;rotationMechanism;ventilation;6.16
usa:A151_TS_60;rammer;turbocharger;ventilation;12.22
usa:A151_TS_60;rammer;improvedSights;ventilation;7.7
usa:A151_TS_60;ventilation;modernizedTurbochargerRotationMechanism;rammer;7.53
usa:A152_M_Project;turbocharger;aimingStabilizer;rammer;14.59
usa:A152_M_Project;ventilation;aimingStabilizer;rammer;9.93
usa:A152_M_Project;turbocharger;rammer;ventilation;8.68
usa:A153_XM66F;rammer;turbocharger;ventilation;9.63
usa:A153_XM66F;improvedSights;turbocharger;rammer;8.88
usa:A153_XM66F;rammer;improvedSights;ventilation;6.98
usa:A154_Convertible_Medium_Tank_T3E2;coatedOptics;ventilation;;14.87
usa:A154_Convertible_Medium_Tank_T3E2;turbocharger;healthReserve;;11.2
usa:A154_Convertible_Medium_Tank_T3E2;ventilation;healthReserve;;8.72
usa:A155_AAT60;turbocharger;rammer;ventilation;17.85
usa:A155_AAT60;turbocharger;aimingStabilizer;rammer;15.17
usa:A155_AAT60;ventilation;modernizedTurbochargerRotationMechanism;rammer;11.43
usa:A156_T54_2022;healthReserve;aimingStabilizer;rammer;23.25
usa:A156_T54_2022;ventilation;aimingStabilizer;rammer;13.82
usa:A156_T54_2022;turbocharger;aimingStabilizer;rammer;8.39
usa:A158_T832;healthReserve;turbocharger;rammer;25.95
usa:A158_T832;aimingStabilizer;turbocharger;rammer;12.22
usa:A158_T832;ventilation;turbocharger;rammer;9.49
usa:A160_M24_594;coatedOptics;turbocharger;additInvisibilityDevice;20.95
usa:A160_M24_594;turbocharger;coatedOptics;ventilation;10.45
usa:A160_M24_594;turbocharger;rammer;coatedOptics;7.61
usa:A161_ARMT;ventilation;improvedSights;coatedOptics;14.01
usa:A161_ARMT;ventilation;turbocharger;coatedOptics;13.34
usa:A161_ARMT;ventilation;rotationMechanism;coatedOptics;5.65
usa:A168_XM_57;rammer;modernizedTurbochargerRotationMechanism;rotationMechanism;14.31
usa:A168_XM_57;rammer;turbocharger;ventilation;9.75
usa:A168_XM_57;rammer;turbocharger;rotationMechanism;7.31
usa:A169_PattonIII_120;turbocharger;aimingStabilizer;rammer;6.23
usa:A169_PattonIII_120;ventilation;aimingStabilizer;rammer;4.47
usa:A169_PattonIII_120;ventilation;improvedSights;rammer;3.39
usa:A16_M7_Priest;stereoscope;coatedOptics;;43.75
usa:A16_M7_Priest;enhancedAimDrives;turbocharger;;15.4
usa:A16_M7_Priest;coatedOptics;turbocharger;;12.5
usa:A172_M4A3E8_Sherman_BPXIV;ventilation;rammer;coatedOptics;10.98
usa:A172_M4A3E8_Sherman_BPXIV;ventilation;aimingStabilizer;rammer;7.19
usa:A172_M4A3E8_Sherman_BPXIV;turbocharger;aimingStabilizer;rammer;5.5
usa:A17_M37;enhancedAimDrives;camouflageNet;stereoscope;27.28
usa:A17_M37;camouflageNet;turbocharger;enhancedAimDrives;20.92
usa:A17_M37;enhancedAimDrives;additInvisibilityDevice;camouflageNet;13.29
usa:A18_M41;rammer;rotationMechanism;enhancedAimDrives;50.14
usa:A18_M41;rammer;enhancedAimDrives;camouflageNet;17.58
usa:A18_M41;enhancedAimDrives;turbocharger;rammer;3.69
usa:A19_T2_lt;turbocharger;;;30.8
usa:A19_T2_lt;healthReserve;;;29.26
usa:A19_T2_lt;ventilation;;;21.82
usa:A21_T14;ventilation;healthReserve;rammer;14.22
usa:A21_T14;ventilation;turbocharger;rammer;5.91
usa:A21_T14;healthReserve;turbocharger;rammer;4.42
usa:A22_M5_Stuart;ventilation;camouflageNet;stereoscope;9.72
usa:A22_M5_Stuart;ventilation;additInvisibilityDevice;coatedOptics;6.1
usa:A22_M5_Stuart;ventilation;turbocharger;coatedOptics;6.03
usa:A23_M7_med;coatedOptics;aimingStabilizer;rammer;7.86
usa:A23_M7_med;stereoscope;camouflageNet;coatedOptics;6.07
usa:A23_M7_med;ventilation;additInvisibilityDevice;stereoscope;5.88
usa:A24_T2_med;enhancedAimDrives;;;24.4
usa:A24_T2_med;healthReserve;;;24.4
usa:A24_T2_med;stereoscope;;;20.62
usa:A25_M2_med;stereoscope;healthReserve;;13.41
usa:A25_M2_med;stereoscope;camouflageNet;;12.96
usa:A25_M2_med;enhancedAimDrives;ventilation;;12.58
usa:A27_T82;stereoscope;turbocharger;enhancedAimDrives;47.76
usa:A27_T82;camouflageNet;turbocharger;enhancedAimDrives;14.33
usa:A27_T82;coatedOptics;enhancedAimDrives;stereoscope;12.18
usa:A29_T40;stereoscope;enhancedAimDrives;camouflageNet;29.45
usa:A29_T40;turbocharger;camouflageNet;stereoscope;9.54
usa:A29_T40;stereoscope;camouflageNet;coatedOptics;9.19
usa:A30_M10_Wolverine;rammer;camouflageNet;stereoscope;20.96
usa:A30_M10_Wolverine;rammer;enhancedAimDrives;camouflageNet;3.51
usa:A30_M10_Wolverine;improvedSights;rammer;stereoscope;3.47
usa:A31_M36_Slagger;rammer;camouflageNet;stereoscope;20.79
usa:A31_M36_Slagger;improvedSights;rammer;coatedOptics;4.01
usa:A31_M36_Slagger;enhancedAimDrives;rammer;camouflageNet;3.96
usa:A32_M12;rammer;rotationMechanism;enhancedAimDrives;57.41
usa:A32_M12;rammer;enhancedAimDrives;camouflageNet;17.1
usa:A32_M12;rammer;turbocharger;enhancedAimDrives;6.48
usa:A33_MTLS-1G14;stereoscope;camouflageNet;;24.62
usa:A33_MTLS-1G14;turbocharger;enhancedAimDrives;;17.09
usa:A33_MTLS-1G14;ventilation;healthReserve;;12.99
usa:A34_M24_Chaffee;coatedOptics;additInvisibilityDevice;ventilation;10.39
usa:A34_M24_Chaffee;stereoscope;ventilation;camouflageNet;6.72
usa:A34_M24_Chaffee;stereoscope;camouflageNet;coatedOptics;6.24
usa:A35_Pershing;turbocharger;aimingStabilizer;rammer;10
usa:A35_Pershing;ventilation;aimingStabilizer;rammer;8.75
usa:A35_Pershing;turbocharger;rammer;ventilation;4.71
usa:A36_Sherman_Jumbo;ventilation;rammer;coatedOptics;6.16
usa:A36_Sherman_Jumbo;turbocharger;rammer;ventilation;4.82
usa:A36_Sherman_Jumbo;ventilation;aimingStabilizer;rammer;4.56
usa:A37_M40M43;rammer;rotationMechanism;enhancedAimDrives;52.78
usa:A37_M40M43;rammer;enhancedAimDrives;camouflageNet;18.86
usa:A37_M40M43;rammer;turbocharger;enhancedAimDrives;8.92
usa:A38_T92;rammer;rotationMechanism;enhancedAimDrives;49.93
usa:A38_T92;rammer;enhancedAimDrives;camouflageNet;15.1
usa:A38_T92;rammer;turbocharger;enhancedAimDrives;13.04
usa:A39_T28;rammer;turbocharger;healthReserve;21.73
usa:A39_T28;rammer;turbocharger;rotationMechanism;5.1
usa:A39_T28;rammer;turbocharger;ventilation;3.84
usa:A40_T95;rammer;turbocharger;healthReserve;22.57
usa:A40_T95;rammer;modernizedTurbochargerRotationMechanism;healthReserve;6.49
usa:A40_T95;rammer;turbocharger;ventilation;3.97
usa:A41_M18_Hellcat;rammer;camouflageNet;stereoscope;25.37
usa:A41_M18_Hellcat;improvedSights;rammer;coatedOptics;3.45
usa:A41_M18_Hellcat;rammer;rotationMechanism;stereoscope;3.22
usa:A43_M22_Locust;stereoscope;additInvisibilityDevice;;19.67
usa:A43_M22_Locust;healthReserve;turbocharger;;17.46
usa:A43_M22_Locust;coatedOptics;ventilation;;12.21
usa:A44_M4A2E4;rotationMechanism;rammer;coatedOptics;10.39
usa:A44_M4A2E4;rammer;ventilation;coatedOptics;9.09
usa:A44_M4A2E4;ventilation;rammer;antifragmentationLining;8.74
usa:A45_M6A2E1;ventilation;aimingStabilizer;rammer;20.62
usa:A45_M6A2E1;healthReserve;aimingStabilizer;rammer;18.6
usa:A45_M6A2E1;healthReserve;rammer;ventilation;8.13
usa:A46_T3;stereoscope;;;45.45
usa:A46_T3;turbocharger;;;15.31
usa:A57_M8A1;enhancedAimDrives;camouflageNet;stereoscope;22.97
usa:A57_M8A1;stereoscope;additInvisibilityDevice;camouflageNet;11.62
usa:A57_M8A1;coatedOptics;camouflageNet;enhancedAimDrives;5.04
usa:A58_T67;rammer;camouflageNet;stereoscope;31.77
usa:A58_T67;rammer;improvedSights;stereoscope;5.09
usa:A58_T67;camouflageNet;enhancedAimDrives;stereoscope;4.02
usa:A62_Ram-II;ventilation;enhancedAimDrives;rammer;9.1
usa:A62_Ram-II;ventilation;rammer;coatedOptics;8.03
usa:A62_Ram-II;healthReserve;camouflageNet;stereoscope;7.1
usa:A63_M46_Patton;ventilation;aimingStabilizer;rammer;12.1
usa:A63_M46_Patton;turbocharger;aimingStabilizer;rammer;5.98
usa:A63_M46_Patton;ventilation;turbocharger;rammer;5.57
usa:A63_M46_Patton_KR;ventilation;aimingStabilizer;rammer;15.54
usa:A63_M46_Patton_KR;turbocharger;rammer;coatedOptics;8.21
usa:A63_M46_Patton_KR;turbocharger;rammer;ventilation;6
usa:A64_T25_AT;rammer;camouflageNet;stereoscope;9.52
usa:A64_T25_AT;ventilation;rammer;coatedOptics;8.82
usa:A64_T25_AT;rammer;improvedSights;ventilation;4.37
usa:A66_M103;healthReserve;aimingStabilizer;rammer;19.67
usa:A66_M103;healthReserve;turbocharger;rammer;9.17
usa:A66_M103;ventilation;aimingStabilizer;rammer;7.87
usa:A67_T57_58;healthReserve;modernizedTurbochargerRotationMechanism;aimingStabilizer;8.27
usa:A67_T57_58;ventilation;aimingStabilizer;enhancedAimDrives;8.21
usa:A67_T57_58;healthReserve;turbocharger;aimingStabilizer;7.81
usa:A68_T28_Prototype;rammer;camouflageNet;stereoscope;6.35
usa:A68_T28_Prototype;rammer;turbocharger;healthReserve;5.68
usa:A68_T28_Prototype;rammer;turbocharger;rotationMechanism;5.33
usa:A69_T110E5;healthReserve;turbocharger;rammer;20.12
usa:A69_T110E5;healthReserve;modernizedTurbochargerRotationMechanism;rammer;12.8
usa:A69_T110E5;healthReserve;aimingStabilizer;rammer;6.94
usa:A71_T21;coatedOptics;additInvisibilityDevice;ventilation;20.47
usa:A71_T21;aimingStabilizer;stereoscope;coatedOptics;12.65
usa:A71_T21;stereoscope;additInvisibilityDevice;camouflageNet;9.14
usa:A72_T25_2;rammer;camouflageNet;stereoscope;16.48
usa:A72_T25_2;improvedSights;rammer;coatedOptics;7
usa:A72_T25_2;enhancedAimDrives;improvedSights;rammer;5.74
usa:A74_T1_E6;ventilation;;;39.22
usa:A74_T1_E6;healthReserve;;;24.84
usa:A76_M3_A3;ventilation;healthReserve;;16.56
usa:A76_M3_A3;ventilation;coatedOptics;;16.16
usa:A76_M3_A3;ventilation;turbocharger;;13.6
usa:A78_M4_Improved;ventilation;rammer;coatedOptics;17.08
usa:A78_M4_Improved;rammer;ventilation;stereoscope;10.56
usa:A78_M4_Improved;rammer;turbocharger;coatedOptics;7.95
usa:A80_T26_E4_SuperPershing;turbocharger;aimingStabilizer;rammer;12.45
usa:A80_T26_E4_SuperPershing;turbocharger;rammer;ventilation;10.41
usa:A80_T26_E4_SuperPershing;ventilation;aimingStabilizer;rammer;9.51
usa:A81_T95_E2;ventilation;aimingStabilizer;rammer;47.3
usa:A81_T95_E2;ventilation;rammer;coatedOptics;25
usa:A83_T110E4;rammer;enhancedAimDrives;ventilation;9.53
usa:A83_T110E4;rammer;improvedSights;ventilation;9.46
usa:A83_T110E4;rammer;rotationMechanism;ventilation;6.29
usa:A85_T110E3;rammer;turbocharger;healthReserve;20.51
usa:A85_T110E3;rammer;modernizedTurbochargerRotationMechanism;healthReserve;10.64
usa:A85_T110E3;rotationMechanism;turbocharger;rammer;6.14
usa:A86_T23E3;turbocharger;additInvisibilityDevice;rammer;16.26
usa:A86_T23E3;turbocharger;rammer;coatedOptics;5.52
usa:A86_T23E3;ventilation;rammer;coatedOptics;5.08
usa:A87_M44;rammer;rotationMechanism;enhancedAimDrives;49.08
usa:A87_M44;rammer;enhancedAimDrives;camouflageNet;22.8
usa:A87_M44;rammer;turbocharger;enhancedAimDrives;6.52
usa:A88_M53_55;rammer;enhancedAimDrives;ventilation;55.82
usa:A88_M53_55;rammer;rotationMechanism;enhancedAimDrives;15.38
usa:A88_M53_55;rammer;rotationMechanism;ventilation;10.44
usa:A89_T54E1;healthReserve;turbocharger;aimingStabilizer;9.83
usa:A89_T54E1;ventilation;improvedSights;aimingStabilizer;7.3
usa:A89_T54E1;ventilation;aimingStabilizer;enhancedAimDrives;5.61
usa:A90_T69;ventilation;improvedSights;aimingStabilizer;8.7
usa:A90_T69;turbocharger;aimingStabilizer;ventilation;4.5
usa:A90_T69;ventilation;aimingStabilizer;enhancedAimDrives;4.04
usa:A92_M60;ventilation;aimingStabilizer;rammer;11.94
usa:A92_M60;ventilation;improvedSights;rammer;6.58
usa:A92_M60;turbocharger;rammer;ventilation;6.49
usa:A93_T7_Combat_Car;stereoscope;;;33.15
usa:A93_T7_Combat_Car;ventilation;;;26.08
usa:A93_T7_Combat_Car;healthReserve;;;22.12
usa:A94_T37;coatedOptics;camouflageNet;stereoscope;10.77
usa:A94_T37;coatedOptics;additInvisibilityDevice;ventilation;8.66
usa:A94_T37;ventilation;camouflageNet;stereoscope;7.35
usa:A95_T95_E6;rammer;healthReserve;aimingStabilizer;20.34
usa:A95_T95_E6;ventilation;aimingStabilizer;rammer;19.79
usa:A95_T95_E6;turbocharger;aimingStabilizer;rammer;7.78
usa:A97_M41_Bulldog;commandersView;additInvisibilityDevice;coatedOptics;26.44
usa:A97_M41_Bulldog;commandersView;camouflageNet;stereoscope;6.64
usa:A97_M41_Bulldog;commandersView;ventilation;coatedOptics;4.69
usa:A99_T92_LT;commandersView;additInvisibilityDevice;coatedOptics;44.9
usa:A99_T92_LT;commandersView;ventilation;coatedOptics;4.6
usa:A99_T92_LT;commandersView;turbocharger;coatedOptics;4.52
ussr:R01_IS;healthReserve;rammer;ventilation;9.76
ussr:R01_IS;ventilation;enhancedAimDrives;rammer;7.15
ussr:R01_IS;ventilation;improvedSights;rammer;6.9
ussr:R02_SU-85;rammer;camouflageNet;stereoscope;12.2
ussr:R02_SU-85;ventilation;rammer;stereoscope;8.64
ussr:R02_SU-85;ventilation;camouflageNet;stereoscope;4.89
ussr:R03_BT-7;ventilation;additInvisibilityDevice;coatedOptics;7.6
ussr:R03_BT-7;ventilation;turbocharger;coatedOptics;6.8
ussr:R03_BT-7;camouflageNet;coatedOptics;stereoscope;4.75
ussr:R04_T-34;ventilation;rammer;coatedOptics;11.55
ussr:R04_T-34;ventilation;enhancedAimDrives;rammer;9.12
ussr:R04_T-34;ventilation;rotationMechanism;rammer;3.47
ussr:R06_T-28;ventilation;turbocharger;healthReserve;9.53
ussr:R06_T-28;ventilation;healthReserve;enhancedAimDrives;7.26
ussr:R06_T-28;ventilation;enhancedAimDrives;stereoscope;6.33
ussr:R07_T-34-85;ventilation;rammer;coatedOptics;13.46
ussr:R07_T-34-85;ventilation;enhancedAimDrives;rammer;7.2
ussr:R07_T-34-85;ventilation;rotationMechanism;rammer;5.92
ussr:R08_BT-2;turbocharger;;;35.92
ussr:R08_BT-2;ventilation;;;33.95
ussr:R08_BT-2;healthReserve;;;9.03
ussr:R09_T-26;healthReserve;;;56.81
ussr:R09_T-26;turbocharger;;;24.48
ussr:R09_T-26;ventilation;;;9.47
ussr:R100_SU122A;rammer;rotationMechanism;enhancedAimDrives;51.93
ussr:R100_SU122A;enhancedAimDrives;rammer;camouflageNet;18.89
ussr:R100_SU122A;rammer;turbocharger;enhancedAimDrives;4.91
ussr:R101_MT25;coatedOptics;additInvisibilityDevice;ventilation;14.64
ussr:R101_MT25;stereoscope;ventilation;camouflageNet;8.59
ussr:R101_MT25;coatedOptics;turbocharger;additInvisibilityDevice;6.44
ussr:R104_Object_430_II;ventilation;aimingStabilizer;rammer;11.42
ussr:R104_Object_430_II;ventilation;improvedSights;rammer;10.52
ussr:R104_Object_430_II;ventilation;rammer;coatedOptics;8.37
ussr:R105_BT_7A;enhancedAimDrives;ventilation;;16.69
ussr:R105_BT_7A;healthReserve;enhancedAimDrives;;16.26
ussr:R105_BT_7A;ventilation;turbocharger;;9.69
ussr:R106_KV85;ventilation;enhancedAimDrives;rammer;9.47
ussr:R106_KV85;healthReserve;rammer;ventilation;8.87
ussr:R106_KV85;healthReserve;turbocharger;rammer;4.81
ussr:R107_LTB;commandersView;additInvisibilityDevice;coatedOptics;40.59
ussr:R107_LTB;commandersView;ventilation;coatedOptics;6.77
ussr:R107_LTB;commandersView;camouflageNet;stereoscope;6.77
ussr:R108_T34_85M;ventilation;rammer;coatedOptics;20.24
ussr:R108_T34_85M;turbocharger;rammer;coatedOptics;7.57
ussr:R108_T34_85M;turbocharger;rammer;ventilation;5.46
ussr:R109_T54S;commandersView;additInvisibilityDevice;coatedOptics;45.27
ussr:R109_T54S;commandersView;ventilation;coatedOptics;5.99
ussr:R109_T54S;commandersView;turbocharger;coatedOptics;2.98
ussr:R10_AT-1;ventilation;;;40.12
ussr:R10_AT-1;stereoscope;;;25.75
ussr:R110_Object_260;healthReserve;turbocharger;rammer;19.59
ussr:R110_Object_260;healthReserve;aimingStabilizer;rammer;12.98
ussr:R110_Object_260;turbocharger;aimingStabilizer;rammer;7.62
ussr:R111_ISU130;rammer;turbocharger;ventilation;11.31
ussr:R111_ISU130;rammer;ventilation;coatedOptics;11.27
ussr:R111_ISU130;rammer;improvedSights;ventilation;11.15
ussr:R112_T54_45;ventilation;aimingStabilizer;rammer;13.11
ussr:R112_T54_45;turbocharger;aimingStabilizer;rammer;9.31
ussr:R112_T54_45;ventilation;rammer;coatedOptics;6.38
ussr:R113_Object_730;healthReserve;aimingStabilizer;rammer;10.33
ussr:R113_Object_730;ventilation;aimingStabilizer;rammer;9.66
ussr:R113_Object_730;turbocharger;aimingStabilizer;rammer;6.78
ussr:R114_Object_244;ventilation;rammer;coatedOptics;11.42
ussr:R114_Object_244;healthReserve;rammer;ventilation;10.87
ussr:R114_Object_244;healthReserve;turbocharger;rammer;8.23
ussr:R115_IS-3_auto;ventilation;improvedSights;aimingStabilizer;13.13
ussr:R115_IS-3_auto;ventilation;aimingStabilizer;enhancedAimDrives;7.46
ussr:R115_IS-3_auto;ventilation;turbocharger;aimingStabilizer;5.31
ussr:R115_IS-3_auto_S;ventilation;improvedSights;aimingStabilizer;15.1
ussr:R115_IS-3_auto_S;healthReserve;turbocharger;aimingStabilizer;7.9
ussr:R115_IS-3_auto_S;ventilation;rotationMechanism;aimingStabilizer;5.15
ussr:R116_ISU122C_Berlin;rammer;camouflageNet;stereoscope;15.72
ussr:R116_ISU122C_Berlin;rammer;improvedSights;ventilation;8.06
ussr:R116_ISU122C_Berlin;rammer;ventilation;stereoscope;7.26
ussr:R117_T34_85_Rudy;ventilation;rammer;coatedOptics;31.2
ussr:R117_T34_85_Rudy;turbocharger;rammer;ventilation;8.7
ussr:R117_T34_85_Rudy;ventilation;enhancedAimDrives;rammer;6.74
ussr:R118_T28_F30;ventilation;stereoscope;enhancedAimDrives;20.03
ussr:R118_T28_F30;ventilation;turbocharger;enhancedAimDrives;14.03
ussr:R118_T28_F30;enhancedAimDrives;camouflageNet;stereoscope;13.83
ussr:R119_Object_777;healthReserve;aimingStabilizer;rammer;15.02
ussr:R119_Object_777;ventilation;aimingStabilizer;rammer;7.74
ussr:R119_Object_777;healthReserve;rammer;ventilation;6
ussr:R11_MS-1;;;;100
ussr:R120_T22SR_A22;ventilation;aimingStabilizer;rammer;20.71
ussr:R120_T22SR_A22;turbocharger;aimingStabilizer;rammer;10.83
ussr:R120_T22SR_A22;ventilation;turbocharger;rammer;4.8
ussr:R121_KV4_KTT;rammer;turbocharger;healthReserve;15.26
ussr:R121_KV4_KTT;rammer;healthReserve;ventilation;12.3
ussr:R121_KV4_KTT;rammer;turbocharger;ventilation;10.48
ussr:R122_T44_100;ventilation;aimingStabilizer;rammer;14.43
ussr:R122_T44_100;ventilation;rammer;coatedOptics;11.56
ussr:R122_T44_100;rammer;aimingStabilizer;coatedOptics;9.76
ussr:R123_Kirovets_1;healthReserve;aimingStabilizer;rammer;18.63
ussr:R123_Kirovets_1;ventilation;aimingStabilizer;rammer;10.96
ussr:R123_Kirovets_1;healthReserve;turbocharger;rammer;9.12
ussr:R125_T_45;ventilation;;;46.92
ussr:R125_T_45;enhancedAimDrives;;;23.67
ussr:R125_T_45;healthReserve;;;13.17
ussr:R126_Object_730_5;ventilation;improvedSights;rammer;11.22
ussr:R126_Object_730_5;rammer;enhancedAimDrives;ventilation;6
ussr:R126_Object_730_5;rammer;modernizedTurbochargerRotationMechanism;ventilation;5.87
ussr:R127_T44_100_I;commandersView;camouflageNet;stereoscope;16.59
ussr:R127_T44_100_I;ventilation;rammer;coatedOptics;14.24
ussr:R127_T44_100_I;turbocharger;coatedOptics;ventilation;7.72
ussr:R128_KV4_Kreslavskiy;healthReserve;turbocharger;rammer;11.31
ussr:R128_KV4_Kreslavskiy;healthReserve;aimingStabilizer;rammer;9.4
ussr:R128_KV4_Kreslavskiy;ventilation;enhancedAimDrives;rammer;6.05
ussr:R12_A-20;ventilation;additInvisibilityDevice;coatedOptics;11.8
ussr:R12_A-20;ventilation;turbocharger;coatedOptics;6.14
ussr:R12_A-20;stereoscope;camouflageNet;coatedOptics;5.73
ussr:R131_Tank_Gavalov;coatedOptics;additInvisibilityDevice;ventilation;23.61
ussr:R131_Tank_Gavalov;coatedOptics;turbocharger;additInvisibilityDevice;11.74
ussr:R131_Tank_Gavalov;coatedOptics;additInvisibilityDevice;stereoscope;7.38
ussr:R132_VNII_100LT;commandersView;additInvisibilityDevice;coatedOptics;58.7
ussr:R132_VNII_100LT;commandersView;coatedOptics;ventilation;6.36
ussr:R132_VNII_100LT;commandersView;additInvisibilityDevice;ventilation;3.77
ussr:R133_KV_122;ventilation;enhancedAimDrives;rammer;17.47
ussr:R133_KV_122;healthReserve;enhancedAimDrives;rammer;6.14
ussr:R133_KV_122;ventilation;rotationMechanism;rammer;5.47
ussr:R134_Object_252K;ventilation;aimingStabilizer;rammer;21.18
ussr:R134_Object_252K;healthReserve;aimingStabilizer;rammer;17.32
ussr:R134_Object_252K;ventilation;enhancedAimDrives;rammer;5.81
ussr:R134_Object_252U;healthReserve;aimingStabilizer;rammer;17.88
ussr:R134_Object_252U;ventilation;aimingStabilizer;rammer;10.9
ussr:R134_Object_252U;healthReserve;rammer;ventilation;4.52
ussr:R135_T_103;rammer;improvedSights;ventilation;10.77
ussr:R135_T_103;rammer;rotationMechanism;ventilation;9.96
ussr:R135_T_103;rammer;enhancedAimDrives;ventilation;5.25
ussr:R139_IS_M;healthReserve;aimingStabilizer;rammer;14.65
ussr:R139_IS_M;healthReserve;turbocharger;rammer;5.97
ussr:R139_IS_M;ventilation;aimingStabilizer;rammer;5.81
ussr:R13_KV-1s;healthReserve;rammer;ventilation;9.66
ussr:R13_KV-1s;healthReserve;turbocharger;rammer;7.48
ussr:R13_KV-1s;ventilation;enhancedAimDrives;rammer;5.17
ussr:R140_M4_Loza;ventilation;aimingStabilizer;rammer;16.34
ussr:R140_M4_Loza;ventilation;rammer;coatedOptics;9.7
ussr:R140_M4_Loza;ventilation;turbocharger;rammer;7.76
ussr:R143_T_29;enhancedAimDrives;healthReserve;;33.84
ussr:R143_T_29;ventilation;enhancedAimDrives;;21.49
ussr:R143_T_29;ventilation;healthReserve;;11.25
ussr:R144_K_91;ventilation;aimingStabilizer;rammer;14.49
ussr:R144_K_91;ventilation;additInvisibilityDevice;rammer;8.81
ussr:R144_K_91;ventilation;improvedSights;rammer;8.52
ussr:R145_Object_705_A;healthReserve;aimingStabilizer;rammer;19.11
ussr:R145_Object_705_A;healthReserve;rammer;ventilation;6.73
ussr:R145_Object_705_A;healthReserve;turbocharger;rammer;5.25
ussr:R146_STG;ventilation;aimingStabilizer;rammer;11.02
ussr:R146_STG;ventilation;rammer;coatedOptics;10.91
ussr:R146_STG;coatedOptics;additInvisibilityDevice;commandersView;9.07
ussr:R146_STG_Tday;ventilation;rammer;coatedOptics;11.85
ussr:R146_STG_Tday;ventilation;aimingStabilizer;rammer;7.95
ussr:R146_STG_Tday;ventilation;improvedSights;rammer;6.06
ussr:R148_Object_430_U;ventilation;aimingStabilizer;rammer;16.86
ussr:R148_Object_430_U;turbocharger;aimingStabilizer;rammer;12.06
ussr:R148_Object_430_U;turbocharger;rammer;ventilation;4.57
ussr:R149_Object_268_4;rammer;turbocharger;healthReserve;17.54
ussr:R149_Object_268_4;rammer;modernizedTurbochargerRotationMechanism;healthReserve;8.44
ussr:R149_Object_268_4;rammer;modernizedExtraHealthReserveAntifragmentationLining;modernizedTurbochargerRotationMechanism;4.3
ussr:R14_SU-5;camouflageNet;enhancedAimDrives;stereoscope;21.68
ussr:R14_SU-5;enhancedAimDrives;turbocharger;additInvisibilityDevice;17.54
ussr:R14_SU-5;enhancedAimDrives;turbocharger;camouflageNet;17.15
ussr:R151_Object_257_2;healthReserve;aimingStabilizer;rammer;23.18
ussr:R151_Object_257_2;ventilation;aimingStabilizer;rammer;7.33
ussr:R151_Object_257_2;healthReserve;turbocharger;rammer;6.86
ussr:R152_KV2_W;ventilation;enhancedAimDrives;rammer;18.22
ussr:R152_KV2_W;ventilation;improvedSights;rammer;11.48
ussr:R152_KV2_W;ventilation;rotationMechanism;rammer;6.09
ussr:R153_Object_705;healthReserve;aimingStabilizer;rammer;19.69
ussr:R153_Object_705;healthReserve;turbocharger;rammer;6.68
ussr:R153_Object_705;healthReserve;rammer;ventilation;6.28
ussr:R154_T_34E_1943;ventilation;rammer;coatedOptics;10.64
ussr:R154_T_34E_1943;ventilation;enhancedAimDrives;rammer;3.72
ussr:R154_T_34E_1943;ventilation;rammer;stereoscope;3.03
ussr:R155_Object_277;healthReserve;aimingStabilizer;rammer;18.55
ussr:R155_Object_277;aimingStabilizer;turbocharger;rammer;11.04
ussr:R155_Object_277;healthReserve;turbocharger;rammer;10.22
ussr:R156_IS_2M;ventilation;improvedSights;rammer;16.37
ussr:R156_IS_2M;healthReserve;rammer;ventilation;6.19
ussr:R156_IS_2M;healthReserve;improvedSights;rammer;6.15
ussr:R157_Object_279R;modernizedExtraHealthReserveAntifragmentationLining;turbocharger;rammer;19.13
ussr:R157_Object_279R;healthReserve;turbocharger;rammer;13.91
ussr:R157_Object_279R;rammer;turbocharger;aimingStabilizer;12.08
ussr:R158_LT_432;commandersView;additInvisibilityDevice;coatedOptics;53.04
ussr:R158_LT_432;commandersView;ventilation;coatedOptics;7.48
ussr:R158_LT_432;commandersView;turbocharger;coatedOptics;6.33
ussr:R159_SU_130PM;improvedSights;rammer;coatedOptics;12.66
ussr:R159_SU_130PM;rammer;camouflageNet;stereoscope;8.95
ussr:R159_SU_130PM;rammer;improvedSights;stereoscope;7.52
ussr:R159_SU_130PM_DR;rammer;improvedSights;coatedOptics;16.42
ussr:R159_SU_130PM_DR;rammer;camouflageNet;stereoscope;7.48
ussr:R159_SU_130PM_DR;rammer;improvedSights;stereoscope;5.8
ussr:R15_S-51;rammer;rotationMechanism;enhancedAimDrives;63.8
ussr:R15_S-51;rammer;enhancedAimDrives;camouflageNet;13.56
ussr:R15_S-51;rammer;turbocharger;enhancedAimDrives;7.36
ussr:R160_T_50_2;coatedOptics;additInvisibilityDevice;ventilation;15.31
ussr:R160_T_50_2;coatedOptics;turbocharger;additInvisibilityDevice;7
ussr:R160_T_50_2;ventilation;rammer;coatedOptics;6.93
ussr:R161_T_116;turbocharger;healthReserve;;26.49
ussr:R161_T_116;ventilation;enhancedAimDrives;;11.05
ussr:R161_T_116;healthReserve;enhancedAimDrives;;10.27
ussr:R165_Object_703_II;ventilation;improvedSights;aimingStabilizer;10.65
ussr:R165_Object_703_II;healthReserve;turbocharger;aimingStabilizer;9.71
ussr:R165_Object_703_II;healthReserve;aimingStabilizer;ventilation;8.63
ussr:R169_ST_II;healthReserve;turbocharger;aimingStabilizer;7.26
ussr:R169_ST_II;healthReserve;turbocharger;ventilation;5.56
ussr:R169_ST_II;healthReserve;aimingStabilizer;ventilation;5.14
ussr:R16_SU-18;ventilation;;;80
ussr:R16_SU-18;enhancedAimDrives;;;8.41
ussr:R170_IS_2_II;healthReserve;turbocharger;aimingStabilizer;6.61
ussr:R170_IS_2_II;healthReserve;aimingStabilizer;ventilation;5.98
ussr:R170_IS_2_II;ventilation;improvedSights;aimingStabilizer;4.1
ussr:R171_IS_3_II;healthReserve;turbocharger;aimingStabilizer;10.89
ussr:R171_IS_3_II;healthReserve;aimingStabilizer;ventilation;6.7
ussr:R171_IS_3_II;healthReserve;improvedSights;aimingStabilizer;5.15
ussr:R172_Object_752;healthReserve;aimingStabilizer;ventilation;9.43
ussr:R172_Object_752;healthReserve;turbocharger;aimingStabilizer;9.13
ussr:R172_Object_752;ventilation;modernizedTurbochargerRotationMechanism;aimingStabilizer;8.81
ussr:R174_BT-5;ventilation;healthReserve;;19.66
ussr:R174_BT-5;healthReserve;turbocharger;;17.16
ussr:R174_BT-5;enhancedAimDrives;healthReserve;;10.05
ussr:R175_IS_2_screen;ventilation;enhancedAimDrives;rammer;12.45
ussr:R175_IS_2_screen;healthReserve;rammer;ventilation;6.95
ussr:R175_IS_2_screen;ventilation;improvedSights;rammer;6.06
ussr:R177_ISU_152K_BL10;rammer;improvedSights;ventilation;14.05
ussr:R177_ISU_152K_BL10;improvedSights;enhancedAimDrives;rammer;8.31
ussr:R177_ISU_152K_BL10;rammer;enhancedAimDrives;ventilation;7.28
ussr:R178_Object_780;modernizedExtraHealthReserveAntifragmentationLining;aimingStabilizer;rammer;11.54
ussr:R178_Object_780;modernizedExtraHealthReserveAntifragmentationLining;modernizedTurbochargerRotationMechanism;rammer;8.52
ussr:R178_Object_780;improvedConfiguration;aimingStabilizer;rammer;7.39
ussr:R17_SU-100;rammer;camouflageNet;stereoscope;11.05
ussr:R17_SU-100;rammer;improvedSights;ventilation;7.64
ussr:R17_SU-100;rammer;ventilation;stereoscope;4.76
ussr:R180_Object_274_A;ventilation;aimingStabilizer;rammer;19.02
ussr:R180_Object_274_A;turbocharger;aimingStabilizer;rammer;10.18
ussr:R180_Object_274_A;turbocharger;rammer;ventilation;6.37
ussr:R183_K_91_PT;rammer;improvedSights;ventilation;16.41
ussr:R183_K_91_PT;ventilation;enhancedAimDrives;rammer;3.88
ussr:R183_K_91_PT;rammer;camouflageNet;stereoscope;3.68
ussr:R185_T_34_L_11_1941;ventilation;turbocharger;enhancedAimDrives;14.88
ussr:R185_T_34_L_11_1941;ventilation;enhancedAimDrives;coatedOptics;10.52
ussr:R185_T_34_L_11_1941;ventilation;healthReserve;enhancedAimDrives;8.84
ussr:R186_KV_1_Screened;ventilation;healthReserve;rammer;17.09
ussr:R186_KV_1_Screened;healthReserve;turbocharger;rammer;10.44
ussr:R186_KV_1_Screened;ventilation;turbocharger;rammer;6.93
ussr:R187_Object_590;ventilation;improvedSights;aimingStabilizer;12.82
ussr:R187_Object_590;ventilation;aimingStabilizer;coatedOptics;6.14
ussr:R187_Object_590;rotationMechanism;aimingStabilizer;ventilation;6.08
ussr:R188_Object_259A_CN;healthReserve;aimingStabilizer;rammer;13.92
ussr:R188_Object_259A_CN;ventilation;aimingStabilizer;rammer;8.62
ussr:R188_Object_259A_CN;healthReserve;turbocharger;rammer;6.71
ussr:R18_SU-152;improvedSights;enhancedAimDrives;rammer;8.5
ussr:R18_SU-152;ventilation;improvedSights;rammer;8.21
ussr:R18_SU-152;rammer;enhancedAimDrives;ventilation;4.89
ussr:R191_Object_283;ventilation;aimingStabilizer;rammer;12.13
ussr:R191_Object_283;turbocharger;rammer;ventilation;6.71
ussr:R191_Object_283;turbocharger;aimingStabilizer;rammer;3.94
ussr:R192_K_2;healthReserve;aimingStabilizer;rammer;15.56
ussr:R192_K_2;healthReserve;turbocharger;rammer;7.96
ussr:R192_K_2;turbocharger;aimingStabilizer;rammer;7.1
ussr:R193_M4A2_T_34;ventilation;rammer;coatedOptics;10.68
ussr:R193_M4A2_T_34;ventilation;improvedSights;rammer;8.18
ussr:R193_M4A2_T_34;ventilation;enhancedAimDrives;rammer;7.22
ussr:R194_ST_62_var_2;turbocharger;aimingStabilizer;ventilation;22.07
ussr:R194_ST_62_var_2;modernizedTurbochargerRotationMechanism;aimingStabilizer;ventilation;16.23
ussr:R194_ST_62_var_2;ventilation;healthReserve;aimingStabilizer;8.72
ussr:R196_Object_452K;modernizedExtraHealthReserveAntifragmentationLining;aimingStabilizer;rammer;15.19
ussr:R196_Object_452K;healthReserve;aimingStabilizer;rammer;10.39
ussr:R196_Object_452K;healthReserve;turbocharger;rammer;8.89
ussr:R197_KV_1S_MZ;ventilation;turbocharger;healthReserve;5.05
ussr:R197_KV_1S_MZ;ventilation;healthReserve;enhancedAimDrives;4.38
ussr:R197_KV_1S_MZ;ventilation;improvedSights;enhancedAimDrives;4.11
ussr:R19_IS-3;healthReserve;aimingStabilizer;rammer;15.31
ussr:R19_IS-3;ventilation;aimingStabilizer;rammer;8.03
ussr:R19_IS-3;healthReserve;rammer;ventilation;4.67
ussr:R201_IT_3;ventilation;turbocharger;coatedOptics;21.23
ussr:R201_IT_3;ventilation;additInvisibilityDevice;coatedOptics;14.44
ussr:R201_IT_3;ventilation;turbocharger;enhancedAimDrives;10
ussr:R202_SU_2_122;rammer;improvedSights;ventilation;10.16
ussr:R202_SU_2_122;enhancedAimDrives;improvedSights;rammer;8.97
ussr:R202_SU_2_122;ventilation;enhancedAimDrives;rammer;6.05
ussr:R204_ISU_122_2;improvedSights;turbocharger;ventilation;15.6
ussr:R204_ISU_122_2;improvedSights;modernizedTurbochargerRotationMechanism;ventilation;7.94
ussr:R204_ISU_122_2;improvedSights;rotationMechanism;ventilation;7.51
ussr:R205_Tank_Rozanova_Obsidian;turbocharger;rammer;ventilation;26.95
ussr:R205_Tank_Rozanova_Obsidian;turbocharger;aimingStabilizer;rammer;8.34
ussr:R205_Tank_Rozanova_Obsidian;turbocharger;healthReserve;rammer;7.74
ussr:R20_T-44;ventilation;aimingStabilizer;rammer;13.64
ussr:R20_T-44;ventilation;rammer;coatedOptics;7.91
ussr:R20_T-44;turbocharger;rammer;ventilation;5.29
ussr:R225_SU_100i;ventilation;rammer;coatedOptics;12.72
ussr:R225_SU_100i;rammer;camouflageNet;stereoscope;9.08
ussr:R225_SU_100i;ventilation;improvedSights;rammer;6.72
ussr:R22_T-46;stereoscope;ventilation;;23.6
ussr:R22_T-46;ventilation;turbocharger;;14.35
ussr:R22_T-46;healthReserve;ventilation;;11.67
ussr:R23_T-43;ventilation;rammer;coatedOptics;12.11
ussr:R23_T-43;ventilation;enhancedAimDrives;rammer;4.94
ussr:R23_T-43;modernizedExtraHealthReserveAntifragmentationLining;modernizedTurbochargerRotationMechanism;rammer;4.5
ussr:R24_SU-76;enhancedAimDrives;camouflageNet;stereoscope;23.52
ussr:R24_SU-76;stereoscope;additInvisibilityDevice;camouflageNet;8.38
ussr:R24_SU-76;enhancedAimDrives;camouflageNet;coatedOptics;5.41
ussr:R25_GAZ-74b;enhancedAimDrives;camouflageNet;stereoscope;36.84
ussr:R25_GAZ-74b;stereoscope;additInvisibilityDevice;enhancedAimDrives;9.56
ussr:R25_GAZ-74b;enhancedAimDrives;turbocharger;stereoscope;6.95
ussr:R26_SU-8;rammer;rotationMechanism;enhancedAimDrives;55.38
ussr:R26_SU-8;rammer;enhancedAimDrives;camouflageNet;17.73
ussr:R26_SU-8;enhancedAimDrives;turbocharger;rammer;6.13
ussr:R27_SU-14;rammer;enhancedAimDrives;ventilation;42.63
ussr:R27_SU-14;rammer;rotationMechanism;enhancedAimDrives;21.18
ussr:R27_SU-14;rammer;enhancedAimDrives;camouflageNet;6.15
ussr:R31_Valentine_LL;ventilation;turbocharger;healthReserve;23.74
ussr:R31_Valentine_LL;healthReserve;turbocharger;enhancedAimDrives;11
ussr:R31_Valentine_LL;ventilation;turbocharger;coatedOptics;9.21
ussr:R32_Matilda_II_LL;healthReserve;rammer;ventilation;11.51
ussr:R32_Matilda_II_LL;rammer;turbocharger;ventilation;10.26
ussr:R32_Matilda_II_LL;turbocharger;healthReserve;rammer;10.07
ussr:R33_Churchill_LL;healthReserve;rammer;ventilation;14.47
ussr:R33_Churchill_LL;healthReserve;turbocharger;rammer;9.5
ussr:R33_Churchill_LL;ventilation;turbocharger;rammer;4.51
ussr:R34_BT-SV;turbocharger;ventilation;;23.19
ussr:R34_BT-SV;ventilation;grousers;;16.87
ussr:R38_KV-220;ventilation;healthReserve;rammer;12.42
ussr:R38_KV-220;healthReserve;turbocharger;rammer;8.19
ussr:R38_KV-220;rammer;ventilation;improvedConfiguration;7.14
ussr:R38_KV-220_beta;rammer;healthReserve;ventilation;21.95
ussr:R38_KV-220_beta;healthReserve;rammer;antifragmentationLining;11.39
ussr:R38_KV-220_beta;rammer;turbocharger;enhancedAimDrives;7.91
ussr:R39_KV-3;healthReserve;rammer;ventilation;8.35
ussr:R39_KV-3;healthReserve;turbocharger;rammer;7.84
ussr:R39_KV-3;healthReserve;enhancedAimDrives;rammer;5.66
ussr:R40_T-54;ventilation;aimingStabilizer;rammer;19.71
ussr:R40_T-54;ventilation;rammer;coatedOptics;7.63
ussr:R40_T-54;turbocharger;aimingStabilizer;rammer;6.35
ussr:R41_T-50;modernizedTurbochargerRotationMechanism;camouflageNet;stereoscope;28.98
ussr:R41_T-50;modernizedTurbochargerRotationMechanism;camouflageNet;coatedOptics;7.4
ussr:R41_T-50;rammer;ventilation;stereoscope;6.71
ussr:R42_T-60;healthReserve;;;24.27
ussr:R42_T-60;ventilation;;;20.63
ussr:R42_T-60;turbocharger;;;16.02
ussr:R43_T-70;enhancedAimDrives;coatedOptics;;16.22
ussr:R43_T-70;healthReserve;stereoscope;;12.48
ussr:R43_T-70;turbocharger;enhancedAimDrives;;10.42
ussr:R44_T80;ventilation;additInvisibilityDevice;stereoscope;14.42
ussr:R44_T80;coatedOptics;turbocharger;stereoscope;13.06
ussr:R44_T80;turbocharger;ventilation;stereoscope;11.7
ussr:R45_IS-7;healthReserve;turbocharger;rammer;14.26
ussr:R45_IS-7;healthReserve;turbocharger;grousers;10.27
ussr:R45_IS-7;healthReserve;aimingStabilizer;rammer;8.55
ussr:R46_KV-13;ventilation;rammer;coatedOptics;9.29
ussr:R46_KV-13;turbocharger;rammer;coatedOptics;7.06
ussr:R46_KV-13;turbocharger;rammer;grousers;4.99
ussr:R47_ISU-152;rammer;improvedSights;ventilation;10.72
ussr:R47_ISU-152;rammer;improvedSights;enhancedAimDrives;7.93
ussr:R47_ISU-152;rammer;enhancedAimDrives;ventilation;5.02
ussr:R49_SU100Y;rammer;camouflageNet;stereoscope;7.9
ussr:R49_SU100Y;improvedSights;enhancedAimDrives;rammer;7.43
ussr:R49_SU100Y;ventilation;improvedSights;rammer;6.15
ussr:R50_SU76I;ventilation;stereoscope;;36.68
ussr:R50_SU76I;healthReserve;stereoscope;;21.11
ussr:R51_Object_212;rammer;enhancedAimDrives;ventilation;47.69
ussr:R51_Object_212;rammer;rotationMechanism;enhancedAimDrives;19.83
ussr:R51_Object_212;rammer;rotationMechanism;ventilation;7.44
ussr:R52_Object_261;rammer;rotationMechanism;enhancedAimDrives;58.39
ussr:R52_Object_261;rammer;enhancedAimDrives;camouflageNet;15.11
ussr:R52_Object_261;rammer;modernizedTurbochargerRotationMechanism;enhancedAimDrives;7.6
ussr:R53_Object_704;rammer;improvedSights;ventilation;8.24
ussr:R53_Object_704;rammer;improvedSights;enhancedAimDrives;5.33
ussr:R53_Object_704;rammer;camouflageNet;stereoscope;4.66
ussr:R54_KV-5;healthReserve;turbocharger;rammer;20.68
ussr:R54_KV-5;healthReserve;turbocharger;grousers;10.94
ussr:R54_KV-5;healthReserve;modernizedTurbochargerRotationMechanism;rammer;5.69
ussr:R56_T-127;ventilation;healthReserve;;26.07
ussr:R56_T-127;turbocharger;healthReserve;;11.5
ussr:R56_T-127;ventilation;turbocharger;;9.53
ussr:R57_A43;ventilation;rammer;coatedOptics;12.21
ussr:R57_A43;turbocharger;rammer;coatedOptics;4.96
ussr:R57_A43;ventilation;enhancedAimDrives;rammer;4.48
ussr:R58_SU-101;rammer;healthReserve;ventilation;9.28
ussr:R58_SU-101;rammer;improvedSights;ventilation;5.05
ussr:R58_SU-101;rammer;camouflageNet;stereoscope;4.09
ussr:R59_A44;ventilation;improvedSights;rammer;9.68
ussr:R59_A44;ventilation;rammer;coatedOptics;6.96
ussr:R59_A44;ventilation;enhancedAimDrives;rammer;5.61
ussr:R60_Object416;ventilation;rammer;coatedOptics;9.59
ussr:R60_Object416;ventilation;aimingStabilizer;rammer;6.43
ussr:R60_Object416;additInvisibilityDevice;commandersView;coatedOptics;5.18
ussr:R61_Object252;ventilation;aimingStabilizer;rammer;12.91
ussr:R61_Object252;ventilation;enhancedAimDrives;rammer;9.07
ussr:R61_Object252;healthReserve;aimingStabilizer;rammer;6.17
ussr:R61_Object252_BF;healthReserve;aimingStabilizer;rammer;11.97
ussr:R61_Object252_BF;ventilation;aimingStabilizer;rammer;7.5
ussr:R61_Object252_BF;healthReserve;turbocharger;rammer;6.47
ussr:R63_ST_I;healthReserve;aimingStabilizer;rammer;28.85
ussr:R63_ST_I;ventilation;aimingStabilizer;rammer;7.02
ussr:R63_ST_I;healthReserve;turbocharger;rammer;5.04
ussr:R66_SU-26;stereoscope;camouflageNet;;32.39
ussr:R66_SU-26;enhancedAimDrives;camouflageNet;;29.78
ussr:R66_SU-26;enhancedAimDrives;stereoscope;;15.64
ussr:R67_M3_LL;turbocharger;coatedOptics;;26.45
ussr:R67_M3_LL;ventilation;turbocharger;;25.36
ussr:R67_M3_LL;ventilation;coatedOptics;;14.86
ussr:R68_A-32;ventilation;turbocharger;healthReserve;32.03
ussr:R68_A-32;ventilation;healthReserve;stereoscope;27.6
ussr:R68_A-32;enhancedAimDrives;ventilation;coatedOptics;9.9
ussr:R71_IS_2B;ventilation;enhancedAimDrives;rammer;14.13
ussr:R71_IS_2B;ventilation;rotationMechanism;rammer;9.72
ussr:R71_IS_2B;healthReserve;rammer;ventilation;8.91
ussr:R72_T150;healthReserve;rammer;ventilation;11.3
ussr:R72_T150;ventilation;enhancedAimDrives;rammer;7.88
ussr:R72_T150;healthReserve;enhancedAimDrives;rammer;6.1
ussr:R73_KV4;healthReserve;turbocharger;rammer;16.34
ussr:R73_KV4;healthReserve;aimingStabilizer;rammer;11.33
ussr:R73_KV4;healthReserve;modernizedTurbochargerRotationMechanism;rammer;5.92
ussr:R74_SU100M1;rammer;healthReserve;ventilation;8.2
ussr:R74_SU100M1;rammer;camouflageNet;stereoscope;7.87
ussr:R74_SU100M1;rammer;turbocharger;healthReserve;4.64
ussr:R77_KV2;ventilation;enhancedAimDrives;rammer;14.45
ussr:R77_KV2;ventilation;improvedSights;rammer;7.03
ussr:R77_KV2;ventilation;rotationMechanism;rammer;5.72
ussr:R78_SU_85I;stereoscope;ventilation;rammer;26.39
ussr:R78_SU_85I;rammer;camouflageNet;stereoscope;13.55
ussr:R78_SU_85I;ventilation;rammer;coatedOptics;6.48
ussr:R80_KV1;ventilation;healthReserve;rammer;9.45
ussr:R80_KV1;ventilation;enhancedAimDrives;rammer;5.75
ussr:R80_KV1;healthReserve;turbocharger;rammer;5.14
ussr:R81_IS8;healthReserve;aimingStabilizer;rammer;22.45
ussr:R81_IS8;ventilation;aimingStabilizer;rammer;7.9
ussr:R81_IS8;aimingStabilizer;turbocharger;rammer;6.55
ussr:R84_Tetrarch_LL;ventilation;;;24.36
ussr:R84_Tetrarch_LL;enhancedAimDrives;;;23.58
ussr:R84_Tetrarch_LL;stereoscope;;;17.2
ussr:R86_LTP;ventilation;coatedOptics;;15.61
ussr:R86_LTP;ventilation;healthReserve;;14.74
ussr:R86_LTP;ventilation;enhancedAimDrives;;11.85
ussr:R87_T62A;ventilation;aimingStabilizer;rammer;15.09
ussr:R87_T62A;turbocharger;rammer;ventilation;7.26
ussr:R87_T62A;turbocharger;aimingStabilizer;rammer;6.13
ussr:R88_Object268;rammer;improvedSights;ventilation;11.52
ussr:R88_Object268;rammer;enhancedAimDrives;ventilation;7.1
ussr:R88_Object268;rammer;modernizedTurbochargerRotationMechanism;ventilation;5.96
ussr:R89_SU122_44;ventilation;improvedSights;rammer;10.82
ussr:R89_SU122_44;rammer;enhancedAimDrives;ventilation;5.97
ussr:R89_SU122_44;rammer;camouflageNet;stereoscope;5.12
ussr:R90_IS_4M;healthReserve;aimingStabilizer;rammer;28.63
ussr:R90_IS_4M;healthReserve;turbocharger;rammer;7.63
ussr:R90_IS_4M;healthReserve;rammer;ventilation;6.56
ussr:R91_SU14_1;rammer;rotationMechanism;enhancedAimDrives;52.4
ussr:R91_SU14_1;rammer;enhancedAimDrives;camouflageNet;11.96
ussr:R91_SU14_1;rammer;turbocharger;enhancedAimDrives;8.08
ussr:R93_Object263;rammer;turbocharger;rotationMechanism;9.09
ussr:R93_Object263;rammer;turbocharger;healthReserve;8.99
ussr:R93_Object263;improvedSights;turbocharger;rammer;4.53
ussr:R95_Object_907;ventilation;aimingStabilizer;rammer;22.22
ussr:R95_Object_907;turbocharger;aimingStabilizer;rammer;12.93
ussr:R95_Object_907;turbocharger;healthReserve;rammer;9.24
ussr:R96_Object_430;ventilation;aimingStabilizer;rammer;17.46
ussr:R96_Object_430;turbocharger;aimingStabilizer;rammer;10.63
ussr:R96_Object_430;turbocharger;rammer;ventilation;4.53
ussr:R97_Object_140;ventilation;aimingStabilizer;rammer;18.26
ussr:R97_Object_140;turbocharger;rammer;ventilation;8.24
ussr:R97_Object_140;turbocharger;aimingStabilizer;rammer;6.9
ussr:R99_T44_122;ventilation;coatedOptics;rammer;34.67
ussr:R99_T44_122;ventilation;enhancedAimDrives;rammer;34.67
